rank,feature_name,n_total,n_valid_x,valid_fraction,pairwise_n,n_unique,mean,std,min,max,pearson_r,pearson_p,spearman_r,spearman_p,abs_pearson,abs_spearman,mutual_information,bootstrap_spearman_median,bootstrap_spearman_ci_low,bootstrap_spearman_ci_high,bootstrap_sign_stability,feature_set_name,feature_family,operation,condition,base_feature,formula_readable,feature_readable,status,recommended,not_recommended_reason
1,ecg_raw_rest_before::before__long__full__morph_t__RT_interval_ms,22,7,0.3181818181818182,7,5,245.5595161929135,44.52132958415829,145.020260183408,268.7140115163148,0.2141450140645309,0.6447341899186956,0.6972770512466951,0.08160974637101354,0.2141450140645309,0.6972770512466951,0.0,0.6839563298798127,-0.14276887489145898,0.989689889001402,0.9618473895582329,ecg_raw_rest_before,ECG raw,absolute,before/long/full,morph_t__RT_interval_ms,absolute value,"RT interval, ms (before, long, full)",reject,False,low_valid_fraction
2,ecg_raw_rest_before::before__long__full__morph_qrs__R_width_half_ms,22,7,0.3181818181818182,7,3,34.122414160801874,4.265301770100234,29.857112390701644,42.65301770100235,-0.45952300011204644,0.2995752866857375,-0.6432242017658957,0.11911248483727523,0.45952300011204644,0.6432242017658957,0.04285714285714293,-0.6627334956636112,-0.9393364366277241,0.20381606986937764,0.9443298969072165,ecg_raw_rest_before,ECG raw,absolute,before/long/full,morph_qrs__R_width_half_ms,absolute value,"R half-width, ms (before, long, full)",reject,False,low_valid_fraction;low_unique_values
3,ecg_raw_rest_before::before__long__full__morph_t__QT_like_ms,22,7,0.3181818181818182,7,5,330.2562227706182,26.160959062181607,272.979313286415,345.48944337811906,0.22743863998050864,0.6237966617492368,0.5422692542049051,0.20856725139778975,0.22743863998050864,0.5422692542049051,0.0,0.5925925925925927,-0.2075471698113208,0.9166060555964672,0.8913480885311871,ecg_raw_rest_before,ECG raw,absolute,before/long/full,morph_t__QT_like_ms,absolute value,"QT-like interval, ms (before, long, full)",reject,False,low_valid_fraction
4,ecg_raw_rest_before::before__sit__full__morph_qrs__QRS_area,22,15,0.6818181818181818,15,15,9.44353489468214,1.420915396897968,7.796662018221651,13.550922698078978,-0.34972953777322746,0.2013175638050627,-0.5175304512959598,0.048169843046211816,0.34972953777322746,0.5175304512959598,0.0,-0.5139082361683834,-0.8569659183485263,0.028663088863212803,0.966,ecg_raw_rest_before,ECG raw,absolute,before/sit/full,morph_qrs__QRS_area,absolute value,"QRS area (before, sit, full)",recommended,True,strong_association;stable_direction;sufficient_coverage
5,ecg_orthostatic_before::orthostatic_before__hrv_time__pNN50_percent__ratio,22,22,1.0,22,20,0.3970199677779663,0.5228472382702252,0.0,2.391891891891892,0.4231670797177793,0.04972876524829237,0.45735381694094057,0.03234792383678911,0.4231670797177793,0.45735381694094057,0.0,0.4801709073762347,-0.01037257008299105,0.7831027406227556,0.972,ecg_orthostatic_before,HRV time,orthostatic_before,Orthostatic response before training,hrv_time__pNN50_percent,ratio,"Orthostatic response before training: pNN50, % — ratio",recommended,True,strong_association;stable_direction;sufficient_coverage
6,ecg_orthostatic_before::orthostatic_before__hrv_time__pNN50_percent__percent_delta,22,22,1.0,22,20,-60.29800322220337,52.28472382702251,-100.0,139.18918918918922,0.42316707971777934,0.04972876524829237,0.45735381694094057,0.03234792383678911,0.42316707971777934,0.45735381694094057,0.0,0.4801709073762347,-0.01037257008299105,0.7831027406227556,0.972,ecg_orthostatic_before,HRV time,orthostatic_before,Orthostatic response before training,hrv_time__pNN50_percent,percent change,"Orthostatic response before training: pNN50, % — percent change",recommended,True,strong_association;stable_direction;sufficient_coverage
7,ecg_orthostatic_before::orthostatic_before__hrv_freq__LF_HF_ratio__delta,22,22,1.0,22,22,3.18282076814176,5.845623903731907,-4.491263554285037,17.614810300384946,-0.2555810275258841,0.25096883414057125,-0.38890587550797884,0.07364125167117566,0.2555810275258841,0.38890587550797884,0.1078226111771714,-0.41453435694611274,-0.7268032727958904,0.09090581939386289,0.956,ecg_orthostatic_before,HRV frequency,orthostatic_before,Orthostatic response before training,hrv_freq__LF_HF_ratio,difference,Orthostatic response before training: LF/HF ratio — difference,candidate,False,moderate_association;passes_minimum_filters
8,ecg_raw_rest_before::before__long__full__hrv_time__pNN50_percent,22,21,0.9545454545454546,21,21,20.33181472593069,15.404225657110917,2.6578073089701,67.61006289308176,0.33223945148569184,0.14116646701095556,0.3881488501706424,0.08208284320688798,0.33223945148569184,0.3881488501706424,0.18899052137110628,0.3978365755804419,-0.05795767147662618,0.7282936666003864,0.956,ecg_raw_rest_before,ECG raw,absolute,before/long/full,hrv_time__pNN50_percent,absolute value,"pNN50, % (before, long, full)",candidate,False,moderate_association;passes_minimum_filters
9,ecg_raw_rest_before::before__sit__full__morph_qrs__QRS_duration_ms,22,15,0.6818181818181818,15,9,102.93594938508565,23.07471754167154,76.77543186180424,136.4896566432075,0.3370241989331279,0.21930167532539813,0.3819006088739736,0.16011071677098493,0.3370241989331279,0.3819006088739736,0.0,0.37300645066705984,-0.24487629574608769,0.7853408011239179,0.882,ecg_raw_rest_before,ECG raw,absolute,before/sit/full,morph_qrs__QRS_duration_ms,absolute value,"QRS duration, ms (before, sit, full)",candidate,False,moderate_association;passes_minimum_filters
10,ecg_orthostatic_before::orthostatic_before__hrv_freq__HF_power__percent_delta,22,22,1.0,22,22,-10.459066176750275,94.46982921645467,-79.70300631063158,342.44155108465736,0.07941728192149285,0.7253542146888317,0.377017922981534,0.08369504236404626,0.07941728192149285,0.377017922981534,0.3705217223124624,0.3993223686723157,-0.14544385468109172,0.714990553903209,0.916,ecg_orthostatic_before,HRV frequency,orthostatic_before,Orthostatic response before training,hrv_freq__HF_power,percent change,Orthostatic response before training: HF power — percent change,candidate,False,moderate_association;passes_minimum_filters
11,ecg_orthostatic_before::orthostatic_before__hrv_freq__HF_power__ratio,22,22,1.0,22,22,0.8954093382324971,0.9446982921645467,0.2029699368936842,4.424415510846574,0.07941728192149283,0.7253542146888317,0.377017922981534,0.08369504236404626,0.07941728192149283,0.377017922981534,0.3705217223124624,0.3993223686723157,-0.14544385468109172,0.714990553903209,0.916,ecg_orthostatic_before,HRV frequency,orthostatic_before,Orthostatic response before training,hrv_freq__HF_power,ratio,Orthostatic response before training: HF power — ratio,candidate,False,moderate_association;passes_minimum_filters
12,ecg_raw_rest_before::before__sit__full__morph_t__RT_interval_ms,22,15,0.6818181818181818,15,8,248.80926992251366,35.27096447630827,123.6937513329068,272.979313286415,0.16474355732330365,0.5573862926380303,0.3750513307553476,0.16836981412956034,0.16474355732330365,0.3750513307553476,0.022776482776483142,0.35090215353084464,-0.2353036291378062,0.8146659418671868,0.89,ecg_raw_rest_before,ECG raw,absolute,before/sit/full,morph_t__RT_interval_ms,absolute value,"RT interval, ms (before, sit, full)",candidate,False,moderate_association;passes_minimum_filters
13,ecg_raw_rest_before::before__sit__full__morph_t__QT_like_ms,22,15,0.6818181818181818,15,8,330.41871045709814,20.319692646208093,264.44870974621455,358.28534868841973,0.20056527406733615,0.4735403517958074,0.3570956442372384,0.19133767712855845,0.20056527406733615,0.3570956442372384,0.0,0.34951438401903734,-0.2141247451074942,0.7478167461849767,0.888,ecg_raw_rest_before,ECG raw,absolute,before/sit/full,morph_t__QT_like_ms,absolute value,"QT-like interval, ms (before, sit, full)",candidate,False,moderate_association;passes_minimum_filters
14,ecg_raw_rest_before::before__long__full__morph_qrs__QRS_area,22,7,0.3181818181818182,7,7,10.394967518021415,2.4944845970717426,8.501457216066962,15.80748282754288,-0.2374649965685952,0.6081363660708098,-0.34235623582431246,0.4522512215909064,0.2374649965685952,0.34235623582431246,0.0,-0.37254901960784315,-0.8823529411764706,0.8847946725860157,0.7675350701402806,ecg_raw_rest_before,ECG raw,absolute,before/long/full,morph_qrs__QRS_area,absolute value,"QRS area (before, long, full)",reject,False,low_valid_fraction
15,ecg_raw_rest_before::before__sit__full__morph_qrs__R_width_half_ms,22,15,0.6818181818181818,15,3,32.416293452761785,2.697613700292923,29.857112390701644,38.38771593090212,-0.31277283137798206,0.2563566631551041,-0.3375263702778072,0.21857227331637982,0.31277283137798206,0.3375263702778072,0.0,-0.32448831573643694,-0.7388043194998761,0.23712479264849898,0.872,ecg_raw_rest_before,ECG raw,absolute,before/sit/full,morph_qrs__R_width_half_ms,absolute value,"R half-width, ms (before, sit, full)",reject,False,low_unique_values
16,ecg_orthostatic_before::orthostatic_before__hrv_time__RMSSD_ms__percent_delta,22,22,1.0,22,22,-24.228981519166158,30.938112004667204,-59.69152130809256,95.35770550062897,0.17587506076763762,0.43368202261988575,0.32946611287575495,0.13431542975426333,0.17587506076763762,0.32946611287575495,0.0,0.34985030807062734,-0.13612468100698993,0.6726155787112569,0.926,ecg_orthostatic_before,HRV time,orthostatic_before,Orthostatic response before training,hrv_time__RMSSD_ms,percent change,"Orthostatic response before training: RMSSD, ms — percent change",candidate,False,moderate_association;passes_minimum_filters
17,ecg_orthostatic_before::orthostatic_before__hrv_time__RMSSD_ms__ratio,22,22,1.0,22,22,0.7577101848083384,0.30938112004667195,0.4030847869190743,1.9535770550062896,0.17587506076763765,0.43368202261988575,0.32946611287575495,0.13431542975426333,0.17587506076763765,0.32946611287575495,0.0,0.34985030807062734,-0.13612468100698993,0.6726155787112569,0.926,ecg_orthostatic_before,HRV time,orthostatic_before,Orthostatic response before training,hrv_time__RMSSD_ms,ratio,"Orthostatic response before training: RMSSD, ms — ratio",candidate,False,moderate_association;passes_minimum_filters
18,ecg_orthostatic_before::orthostatic_before__hrv_freq__LF_HF_ratio__ratio,22,22,1.0,22,22,4.602709419364411,5.212687799330438,0.2244134401510156,19.91393382410339,-0.02855834689772304,0.8996078226109838,-0.3289000198983052,0.13502601447241844,0.02855834689772304,0.3289000198983052,0.06400022738152522,-0.35090300916855066,-0.7481653230778579,0.20337316248574003,0.908,ecg_orthostatic_before,HRV frequency,orthostatic_before,Orthostatic response before training,hrv_freq__LF_HF_ratio,ratio,Orthostatic response before training: LF/HF ratio — ratio,candidate,False,moderate_association;passes_minimum_filters
19,ecg_orthostatic_before::orthostatic_before__hrv_freq__LF_HF_ratio__percent_delta,22,22,1.0,22,22,360.27094193644103,521.2687799330439,-77.55865598489844,1891.3933824103387,-0.02855834689772306,0.8996078226109838,-0.3289000198983052,0.13502601447241844,0.02855834689772306,0.3289000198983052,0.06400022738152522,-0.35090300916855066,-0.7481653230778579,0.20337316248574003,0.908,ecg_orthostatic_before,HRV frequency,orthostatic_before,Orthostatic response before training,hrv_freq__LF_HF_ratio,percent change,Orthostatic response before training: LF/HF ratio — percent change,candidate,False,moderate_association;passes_minimum_filters
20,ecg_baseline_before::baseline_dev_sit_before__hrv_freq__LF_power__delta,22,19,0.8636363636363636,19,19,0.00010841422649512632,0.00033394463866009917,-0.0003748757794557,0.0008982474837309,0.3816645575294652,0.10687035691102952,0.3201418355798812,0.18147784274321094,0.3816645575294652,0.3201418355798812,0.0,0.3411828435272458,-0.15340838021821265,0.673285945189469,0.894,ecg_baseline_before,HRV frequency,baseline_dev_sit_before,"Deviation from personal baseline, sit before training",hrv_freq__LF_power,difference,"Deviation from personal baseline, sit before training: LF power — difference",candidate,False,moderate_association;passes_minimum_filters
21,ecg_baseline_before::baseline_dev_sit_before__hrv_time__SDNN_ms__robust_z,22,19,0.8636363636363636,19,19,-0.05343836556732307,1.511382311152929,-3.128024721976557,2.6341635145170272,0.27234189113386814,0.2593172680697772,0.3122262407441149,0.1931242602494867,0.27234189113386814,0.3122262407441149,0.04788395728798234,0.3196644844282644,-0.26368984406872586,0.7746098367619262,0.848,ecg_baseline_before,HRV time,baseline_dev_sit_before,"Deviation from personal baseline, sit before training",hrv_time__SDNN_ms,robust z-score,"Deviation from personal baseline, sit before training: SDNN, ms — robust z-score",candidate,False,moderate_association;passes_minimum_filters
22,ecg_raw_rest_before::before__sit__full__morph_qrs__QRS_main_amp,22,15,0.6818181818181818,15,15,350.46055738076063,5.72407386822926,338.1240083155143,359.3527788692929,-0.15383105426409743,0.5841216889124182,-0.3108776669243092,0.2594036875922037,0.15383105426409743,0.3108776669243092,0.04920542420542384,-0.31571242083133966,-0.7585003384187833,0.23499433437120634,0.858,ecg_raw_rest_before,ECG raw,absolute,before/sit/full,morph_qrs__QRS_main_amp,absolute value,"QRS main amplitude (before, sit, full)",candidate,False,moderate_association;passes_minimum_filters
23,ecg_raw_rest_before::before__long__full__morph_t__T_amp,22,7,0.3181818181818182,7,7,42.62233344089298,39.42274368542337,-43.423313680919904,71.82951966859828,0.16609306846482325,0.7219048194637099,0.30631873731649006,0.504027008666588,0.16609306846482325,0.30631873731649006,0.0,0.29629629629629634,-0.8042806616525651,0.8140915784106943,0.7134268537074149,ecg_raw_rest_before,ECG raw,absolute,before/long/full,morph_t__T_amp,absolute value,"T-wave amplitude (before, long, full)",reject,False,low_valid_fraction
24,ecg_raw_rest_before::before__long__full__hrv_time__RMSSD_ms,22,21,0.9545454545454546,21,21,48.48930649939829,27.56362264549735,26.88861384530014,154.98249816799543,0.1097612709332154,0.6357672557179481,0.29697294576814254,0.1911120139989758,0.1097612709332154,0.29697294576814254,0.04092064851131649,0.2868466213620976,-0.16461081004417769,0.6347111016318402,0.93,ecg_raw_rest_before,ECG raw,absolute,before/long/full,hrv_time__RMSSD_ms,absolute value,"RMSSD, ms (before, long, full)",weak,False,low_abs_spearman
25,ecg_raw_rest_before::before__long__full__hrv_nonlinear__SD1_ms,22,21,0.9545454545454546,21,21,34.343545355789196,19.5224194506288,19.043725451081105,109.76751255702096,0.10978027920379223,0.6357083989633026,0.29697294576814254,0.1911120139989758,0.10978027920379223,0.29697294576814254,0.04243236430874653,0.2868466213620976,-0.16461081004417769,0.6347111016318402,0.93,ecg_raw_rest_before,ECG raw,absolute,before/long/full,hrv_nonlinear__SD1_ms,absolute value,"Poincaré SD1, ms (before, long, full)",weak,False,low_abs_spearman
26,ecg_breath_before::breath_in_response_before__hrv_time__pNN50_percent__delta,22,22,1.0,22,6,-24.848484848484848,24.59679664107513,-66.66666666666666,0.0,-0.2897760701297538,0.1908355488286681,-0.2965358917976499,0.18022488421888835,0.2897760701297538,0.2965358917976499,0.11458291489603067,-0.29078910395150526,-0.6694696045457458,0.18089529996769782,0.912,ecg_breath_before,HRV time,breath_in_response_before,Inhale breath-hold response before training,hrv_time__pNN50_percent,difference,"Inhale breath-hold response before training: pNN50, % — difference",weak,False,low_abs_spearman
27,ecg_baseline_before::baseline_dev_sit_before__hrv_time__SDNN_ms__delta,22,19,0.8636363636363636,19,19,0.31259474693680717,10.827766261669897,-12.118503447909356,34.89217933927043,0.35539597131358047,0.1353802889468374,0.29551554053527496,0.2193203190445544,0.35539597131358047,0.29551554053527496,0.0012225777318664033,0.30199749627650074,-0.2811997336758387,0.7681144655612243,0.868,ecg_baseline_before,HRV time,baseline_dev_sit_before,"Deviation from personal baseline, sit before training",hrv_time__SDNN_ms,difference,"Deviation from personal baseline, sit before training: SDNN, ms — difference",weak,False,low_abs_spearman
28,ecg_breath_before::breath_in_response_before__hrv_time__pNN50_percent__percent_delta,22,13,0.5909090909090909,13,3,-90.25641025641026,23.82270697299884,-100.0,-33.33333333333334,0.2974582200510973,0.32363301740034284,0.28469367941496987,0.3458025368131018,0.2974582200510973,0.28469367941496987,0.006993006993007755,0.3184469354605652,-0.2696695171809207,0.7421909846037735,0.8452914798206278,ecg_breath_before,HRV time,breath_in_response_before,Inhale breath-hold response before training,hrv_time__pNN50_percent,percent change,"Inhale breath-hold response before training: pNN50, % — percent change",reject,False,low_unique_values;low_abs_spearman
29,ecg_baseline_before::baseline_dev_sit_before__hrv_time__MeanNN_ms__robust_z,22,19,0.8636363636363636,19,19,-0.03765212137365726,1.0645206203492037,-2.512117160121859,2.165999128772313,0.20128276511429696,0.4086254541592741,0.2814433719383571,0.24309639382064632,0.20128276511429696,0.2814433719383571,0.0642779434188101,0.2829856972132532,-0.19210646900338696,0.676803139443049,0.874,ecg_baseline_before,HRV time,baseline_dev_sit_before,"Deviation from personal baseline, sit before training",hrv_time__MeanNN_ms,robust z-score,"Deviation from personal baseline, sit before training: Mean NN interval, ms — robust z-score",weak,False,low_abs_spearman
30,ecg_raw_rest_before::before__sit__full__hrv_freq__LF_power,22,22,1.0,22,22,0.0003688492167886992,0.00028246052969377664,7.209594690958206e-05,0.001103033584014,0.3342089705529621,0.12846649601349958,0.2711585361984306,0.2222237809718407,0.3342089705529621,0.2711585361984306,0.10269264482429463,0.24241528453979205,-0.18430761899150067,0.6789404720155853,0.846,ecg_raw_rest_before,ECG raw,absolute,before/sit/full,hrv_freq__LF_power,absolute value,"LF power (before, sit, full)",weak,False,low_abs_spearman
31,ecg_orthostatic_before::orthostatic_before__hrv_freq__HF_power__delta,22,22,1.0,22,22,-7.890314355594128e-05,0.00020990694472281082,-0.0008232227279323,0.0002552890264703,-0.15758101519088613,0.48369528605234446,0.26606369940138286,0.23137445200855067,0.15758101519088613,0.26606369940138286,0.3588902981810391,0.28778460405612927,-0.24457017127188332,0.6468569450939798,0.864,ecg_orthostatic_before,HRV frequency,orthostatic_before,Orthostatic response before training,hrv_freq__HF_power,difference,Orthostatic response before training: HF power — difference,weak,False,low_abs_spearman
32,ecg_baseline_before::baseline_dev_sit_before__hrv_time__RMSSD_ms__delta,22,19,0.8636363636363636,19,19,0.16032941890473956,8.364536935272765,-8.259528832566144,27.7730406678174,0.3470600819695051,0.1454474432895772,0.26385316119220975,0.2750450831335135,0.3470600819695051,0.26385316119220975,0.08689830551285671,0.25615340005414944,-0.31475563981915194,0.7560582196709502,0.828,ecg_baseline_before,HRV time,baseline_dev_sit_before,"Deviation from personal baseline, sit before training",hrv_time__RMSSD_ms,difference,"Deviation from personal baseline, sit before training: RMSSD, ms — difference",weak,False,low_abs_spearman
33,ecg_orthostatic_before::orthostatic_before__hrv_time__SDNN_ms__delta,22,22,1.0,22,22,25.458247259932854,21.85406452861194,-4.8366606470496265,60.828374357522655,0.26074677502871796,0.24118363238445284,0.2496470030553401,0.2625203511486293,0.26074677502871796,0.2496470030553401,0.012888523428912002,0.2580408311439567,-0.1993974922909877,0.6785647839256224,0.854,ecg_orthostatic_before,HRV time,orthostatic_before,Orthostatic response before training,hrv_time__SDNN_ms,difference,"Orthostatic response before training: SDNN, ms — difference",weak,False,low_abs_spearman
34,ecg_raw_rest_before::before__long__full__morph_qrs__QRS_duration_ms,22,7,0.3181818181818182,7,5,104.80455777960576,23.984140257950028,76.77543186180424,132.22435487310727,-0.043779025387039566,0.9257496202015792,-0.23854214911071148,0.6064608899104239,0.043779025387039566,0.23854214911071148,0.0,-0.2858309752375148,-0.9999999999999999,0.6645161629976685,0.6953907815631263,ecg_raw_rest_before,ECG raw,absolute,before/long/full,morph_qrs__QRS_duration_ms,absolute value,"QRS duration, ms (before, long, full)",reject,False,low_valid_fraction;low_abs_spearman
35,ecg_baseline_before::baseline_dev_sit_before__hrv_time__MeanNN_ms__delta,22,19,0.8636363636363636,19,19,-7.048828862313186,55.81194048696218,-132.23549724972725,86.17258090213636,0.2236576514843914,0.3573365986638797,0.216359592177612,0.37364378424045913,0.2236576514843914,0.216359592177612,0.07106574625924522,0.21433737545507964,-0.2985119443711047,0.6473427869118121,0.788,ecg_baseline_before,HRV time,baseline_dev_sit_before,"Deviation from personal baseline, sit before training",hrv_time__MeanNN_ms,difference,"Deviation from personal baseline, sit before training: Mean NN interval, ms — difference",weak,False,low_abs_spearman
36,ecg_baseline_before::baseline_dev_sit_before__hrv_time__MeanHR_bpm__robust_z,22,19,0.8636363636363636,19,19,0.07180568059879493,1.1259412672718137,-2.1678602323387475,2.8184553763385183,-0.1979729953527147,0.4165343641586866,-0.206684976267231,0.3958928133948571,0.1979729953527147,0.206684976267231,0.058356890787231164,-0.20155082478754927,-0.6218255635821178,0.28916405850780236,0.798,ecg_baseline_before,HRV time,baseline_dev_sit_before,"Deviation from personal baseline, sit before training",hrv_time__MeanHR_bpm,robust z-score,"Deviation from personal baseline, sit before training: Mean heart rate, bpm — robust z-score",weak,False,low_abs_spearman
37,ecg_baseline_before::baseline_dev_sit_before__hrv_freq__LF_power__robust_z,22,19,0.8636363636363636,19,19,0.7485599832984747,2.3649029837379447,-1.6174826604414227,8.695094228081913,0.2579456279497588,0.28633178684153804,0.2040464446553089,0.4020842149495775,0.2579456279497588,0.2040464446553089,0.0956404190924316,0.22543703916334532,-0.3553148023004684,0.6618434193658022,0.738,ecg_baseline_before,HRV frequency,baseline_dev_sit_before,"Deviation from personal baseline, sit before training",hrv_freq__LF_power,robust z-score,"Deviation from personal baseline, sit before training: LF power — robust z-score",weak,False,low_abs_spearman
38,ecg_orthostatic_before::orthostatic_before__hrv_time__RMSSD_ms__delta,22,22,1.0,22,22,-8.57496381865992,10.850993824054797,-26.13730039378942,30.93801348908726,0.08828543294768884,0.6960277403582789,0.2037934718819103,0.3629922522070805,0.08828543294768884,0.2037934718819103,0.0033268192622968318,0.22689866646282209,-0.25132724838838105,0.6196244230080025,0.84,ecg_orthostatic_before,HRV time,orthostatic_before,Orthostatic response before training,hrv_time__RMSSD_ms,difference,"Orthostatic response before training: RMSSD, ms — difference",weak,False,low_abs_spearman
39,ecg_raw_rest_before::before__long__full__hrv_freq__HF_power,22,21,0.9545454545454546,21,21,0.0005208784777078826,0.0011172482401375064,9.523897884633458e-05,0.0053488485903661,-0.036623705304453684,0.8747670096943482,0.19277191216528547,0.4024837764449811,0.036623705304453684,0.19277191216528547,0.0,0.17930904639781797,-0.290118913689468,0.5901318098900115,0.804,ecg_raw_rest_before,ECG raw,absolute,before/long/full,hrv_freq__HF_power,absolute value,"HF power (before, long, full)",weak,False,low_abs_spearman
40,ecg_baseline_before::baseline_dev_sit_before__hrv_time__MeanHR_bpm__delta,22,19,0.8636363636363636,19,19,0.535189057752393,3.6411936809389878,-5.360368009161945,8.877677285772393,-0.21379416931031567,0.3794738219830294,-0.1882152549837763,0.4403218926274913,0.21379416931031567,0.1882152549837763,0.10318961654101,-0.18057187011675224,-0.6458900862165987,0.3355627725345696,0.762,ecg_baseline_before,HRV time,baseline_dev_sit_before,"Deviation from personal baseline, sit before training",hrv_time__MeanHR_bpm,difference,"Deviation from personal baseline, sit before training: Mean heart rate, bpm — difference",weak,False,low_abs_spearman
41,ecg_raw_rest_before::before__sit__full__hrv_time__SDNN_ms,22,22,1.0,22,22,36.29130606898634,9.697785857091409,22.66925638458313,70.17884504117201,0.27617985461999073,0.2134422750936525,0.18567849660351826,0.40806535722357884,0.27617985461999073,0.18567849660351826,0.013498947107869919,0.14825951335583498,-0.3045310844670492,0.5427232456883909,0.762,ecg_raw_rest_before,ECG raw,absolute,before/sit/full,hrv_time__SDNN_ms,absolute value,"SDNN, ms (before, sit, full)",weak,False,low_abs_spearman
42,ecg_raw_rest_before::before__long__full__hrv_time__SDNN_ms,22,21,0.9545454545454546,21,21,57.271791471901224,20.436285550419782,36.25180382160749,125.74490729196096,0.08109604962030269,0.7267521592710507,0.1836543217250355,0.42551581744869915,0.08109604962030269,0.1836543217250355,0.0,0.1752084258890802,-0.2331397409243988,0.569736031345615,0.8,ecg_raw_rest_before,ECG raw,absolute,before/long/full,hrv_time__SDNN_ms,absolute value,"SDNN, ms (before, long, full)",weak,False,low_abs_spearman
43,ecg_raw_rest_before::before__long__full__hrv_freq__LF_HF_ratio,22,21,0.9545454545454546,21,21,2.1677888690280134,1.9001527365579811,0.6130006665677898,9.25349573244515,-0.08021988390326205,0.7295972546596968,-0.18235180880499977,0.4288626994103679,0.08021988390326205,0.18235180880499977,0.0,-0.17137086007491892,-0.5536507290157571,0.29953263645829115,0.772,ecg_raw_rest_before,ECG raw,absolute,before/long/full,hrv_freq__LF_HF_ratio,absolute value,"LF/HF ratio (before, long, full)",weak,False,low_abs_spearman
44,ecg_orthostatic_before::orthostatic_before__hrv_time__SDNN_ms__percent_delta,22,22,1.0,22,22,76.87356920754975,75.85761395248467,-12.134444062530072,268.32981781833263,0.24848456187158355,0.2648222407817158,0.1805836598064705,0.42127290352925534,0.24848456187158355,0.1805836598064705,0.0263095720772335,0.18526386088484317,-0.2748238291569335,0.5949728961797577,0.794,ecg_orthostatic_before,HRV time,orthostatic_before,Orthostatic response before training,hrv_time__SDNN_ms,percent change,"Orthostatic response before training: SDNN, ms — percent change",weak,False,low_abs_spearman
45,ecg_orthostatic_before::orthostatic_before__hrv_time__SDNN_ms__ratio,22,22,1.0,22,22,1.7687356920754977,0.7585761395248469,0.8786555593746993,3.6832981781833274,0.24848456187158371,0.2648222407817158,0.1805836598064705,0.42127290352925534,0.24848456187158371,0.1805836598064705,0.0263095720772335,0.18526386088484317,-0.2748238291569335,0.5949728961797577,0.794,ecg_orthostatic_before,HRV time,orthostatic_before,Orthostatic response before training,hrv_time__SDNN_ms,ratio,"Orthostatic response before training: SDNN, ms — ratio",weak,False,low_abs_spearman
46,ecg_raw_rest_before::before__long__full__hrv_nonlinear__SD1_SD2_ratio,22,21,0.9545454545454546,21,21,0.4833887764135935,0.18848796226785322,0.2273967153198836,0.9434787290829876,0.0810850161482829,0.7267879658644394,0.1790955265049105,0.43729108188265803,0.0810850161482829,0.1790955265049105,0.0,0.1816697353687275,-0.25102142587581866,0.5443084059638573,0.79,ecg_raw_rest_before,ECG raw,absolute,before/long/full,hrv_nonlinear__SD1_SD2_ratio,absolute value,"SD1/SD2 ratio (before, long, full)",weak,False,low_abs_spearman
47,ecg_baseline_before::baseline_dev_sit_before__hrv_time__RMSSD_ms__robust_z,22,19,0.8636363636363636,19,19,0.35328411095893747,2.201510348527793,-2.4183095151209604,7.693261262923534,0.36147134409899173,0.12835822123160937,0.17766112853608793,0.46682603958593744,0.36147134409899173,0.17766112853608793,0.0860028559331969,0.17176627441329595,-0.39220978421214425,0.702638755078331,0.73,ecg_baseline_before,HRV time,baseline_dev_sit_before,"Deviation from personal baseline, sit before training",hrv_time__RMSSD_ms,robust z-score,"Deviation from personal baseline, sit before training: RMSSD, ms — robust z-score",weak,False,low_abs_spearman
48,ecg_raw_rest_before::before__sit__full__hrv_nonlinear__SD2_ms,22,22,1.0,22,22,45.14788831427301,13.391694169264367,24.75253113986808,89.46943477254764,0.2665097410295474,0.2305636217836094,0.17379054407707348,0.4392371684032902,0.2665097410295474,0.17379054407707348,0.0,0.1469245175660739,-0.3143844830754942,0.5335381313598729,0.736,ecg_raw_rest_before,ECG raw,absolute,before/sit/full,hrv_nonlinear__SD2_ms,absolute value,"Poincaré SD2, ms (before, sit, full)",weak,False,low_abs_spearman
49,ecg_raw_rest_before::before__long__full__hrv_nonlinear__SD2_ms,22,21,0.9545454545454546,21,21,72.38502235152116,24.540916502346427,46.56242068473405,139.9094586036697,0.07331778953905939,0.7521268030542684,0.1719317054447141,0.45613781527699376,0.07331778953905939,0.1719317054447141,0.0,0.16716408596185828,-0.24278557215004956,0.6335685881881703,0.774,ecg_raw_rest_before,ECG raw,absolute,before/long/full,hrv_nonlinear__SD2_ms,absolute value,"Poincaré SD2, ms (before, long, full)",weak,False,low_abs_spearman
50,ecg_baseline_before::baseline_dev_sit_before__hrv_time__pNN50_percent__robust_z,22,19,0.8636363636363636,19,19,0.4219563475598133,2.9759377465924826,-3.248090882834313,11.16046995999679,0.39126148199222566,0.09762190524923212,0.17150455477493634,0.4826491881458816,0.39126148199222566,0.17150455477493634,0.005825555593357734,0.16992441073675135,-0.39211264712552707,0.6849244669624976,0.726,ecg_baseline_before,HRV time,baseline_dev_sit_before,"Deviation from personal baseline, sit before training",hrv_time__pNN50_percent,robust z-score,"Deviation from personal baseline, sit before training: pNN50, % — robust z-score",weak,False,low_abs_spearman
51,ecg_baseline_before::baseline_dev_sit_before__hrv_freq__HF_power__delta,22,19,0.8636363636363636,19,19,2.9949810432647373e-05,0.0002586301276515645,-0.0001336498508713,0.0010395926970073,0.34533115349027116,0.1475988833072808,0.17062504423762898,0.48493102053684034,0.34533115349027116,0.17062504423762898,0.04064500600878329,0.18408319835290932,-0.3063205688391183,0.6180610843859136,0.776,ecg_baseline_before,HRV frequency,baseline_dev_sit_before,"Deviation from personal baseline, sit before training",hrv_freq__HF_power,difference,"Deviation from personal baseline, sit before training: HF power — difference",weak,False,low_abs_spearman
52,ecg_raw_rest_before::before__sit__full__hrv_time__MeanNN_ms,22,22,1.0,22,22,980.0001277732284,53.062949687436394,882.4650859199803,1108.2402349196973,0.23359904693382852,0.2954298836657294,0.16190259155062875,0.4716273271521455,0.23359904693382852,0.16190259155062875,0.19023012122505523,0.17588472347755843,-0.26608378738901745,0.5308269603046185,0.758,ecg_raw_rest_before,ECG raw,absolute,before/sit/full,hrv_time__MeanNN_ms,absolute value,"Mean NN interval, ms (before, sit, full)",weak,False,low_abs_spearman
53,ecg_baseline_before::baseline_dev_sit_before__hrv_freq__LF_HF_ratio__delta,22,19,0.8636363636363636,19,19,0.936183928716589,2.141583845599032,-1.5205135960419935,7.307088663827563,0.07965662857837337,0.7458179359370856,0.16095042832724796,0.5103769961710201,0.07965662857837337,0.16095042832724796,0.0,0.15009057204401355,-0.35403311380718555,0.6031929810801487,0.758,ecg_baseline_before,HRV frequency,baseline_dev_sit_before,"Deviation from personal baseline, sit before training",hrv_freq__LF_HF_ratio,difference,"Deviation from personal baseline, sit before training: LF/HF ratio — difference",weak,False,low_abs_spearman
54,ecg_baseline_before::baseline_dev_sit_before__hrv_time__pNN50_percent__delta,22,19,0.8636363636363636,19,18,-0.4336709909852076,11.353120354151212,-12.4616299549395,38.185307017543856,0.34206668698612214,0.15172113312355506,0.16014117055513546,0.5125338114216885,0.34206668698612214,0.16014117055513546,0.0,0.14719282982390444,-0.426649562283415,0.6801982280220177,0.704,ecg_baseline_before,HRV time,baseline_dev_sit_before,"Deviation from personal baseline, sit before training",hrv_time__pNN50_percent,difference,"Deviation from personal baseline, sit before training: pNN50, % — difference",weak,False,low_abs_spearman
55,ecg_raw_rest_before::before__sit__full__hrv_time__MeanHR_bpm,22,22,1.0,22,22,61.48689660366906,3.3461590552125333,54.18979271070497,68.07972997328164,-0.23030051683045824,0.30249618809641343,-0.15454338284378197,0.49226935079969997,0.23030051683045824,0.15454338284378197,0.1640948928171,-0.1674777622165512,-0.5182938698952921,0.2702315281456192,0.76,ecg_raw_rest_before,ECG raw,absolute,before/sit/full,hrv_time__MeanHR_bpm,absolute value,"Mean heart rate, bpm (before, sit, full)",weak,False,low_abs_spearman
56,ecg_baseline_before::baseline_dev_sit_before__hrv_freq__HF_power__robust_z,22,19,0.8636363636363636,19,19,0.05974389480204528,3.9402561450609825,-9.317118998169423,13.1424736378829,0.27715422136450535,0.2506578881321091,0.14511923865571538,0.5533362712750811,0.27715422136450535,0.14511923865571538,0.0,0.15012611633521272,-0.38141186224141954,0.6595151617323672,0.714,ecg_baseline_before,HRV frequency,baseline_dev_sit_before,"Deviation from personal baseline, sit before training",hrv_freq__HF_power,robust z-score,"Deviation from personal baseline, sit before training: HF power — robust z-score",weak,False,low_abs_spearman
57,ecg_raw_rest_before::before__long__full__hrv_time__MeanHR_bpm,22,21,0.9545454545454546,21,21,61.42505912495664,3.928892475601644,55.31656830764515,73.3157386306437,-0.04730298242095503,0.8386587504597905,-0.14392767766394626,0.5336612039499324,0.04730298242095503,0.14392767766394626,0.01807970560734873,-0.14282394433074214,-0.5850411105286254,0.36050197040498094,0.702,ecg_raw_rest_before,ECG raw,absolute,before/long/full,hrv_time__MeanHR_bpm,absolute value,"Mean heart rate, bpm (before, long, full)",weak,False,low_abs_spearman
58,ecg_orthostatic_before::orthostatic_before__hrv_freq__LF_power__delta,22,22,1.0,22,22,0.00036335612551524155,0.0009532089137148082,-0.000744882798252,0.0038261501055067,0.14914012522959452,0.5077043142728054,-0.1426554303173372,0.526532592985544,0.14914012522959452,0.1426554303173372,0.21288070765273237,-0.15883733798029354,-0.5041789851154763,0.3150899501532857,0.766,ecg_orthostatic_before,HRV frequency,orthostatic_before,Orthostatic response before training,hrv_freq__LF_power,difference,Orthostatic response before training: LF power — difference,weak,False,low_abs_spearman
59,ecg_raw_rest_before::before__sit__full__hrv_nonlinear__SD1_ms,22,22,1.0,22,22,24.001250099431903,5.424198272739941,17.003149053004062,42.957663159284046,0.25222555567158955,0.2574598868188318,0.13925887245263868,0.5365239048476241,0.25222555567158955,0.13925887245263868,0.1396626638130305,0.12593001949811167,-0.331112363478526,0.5201487815499881,0.692,ecg_raw_rest_before,ECG raw,absolute,before/sit/full,hrv_nonlinear__SD1_ms,absolute value,"Poincaré SD1, ms (before, sit, full)",weak,False,low_abs_spearman
60,ecg_raw_rest_before::before__sit__full__hrv_freq__LF_HF_ratio,22,22,1.0,22,22,2.0638695386803163,1.9154611517380633,0.3029369404297917,8.40393820712965,0.13986739963331296,0.5347274134792509,0.13925887245263868,0.5365239048476241,0.13986739963331296,0.13925887245263868,0.0,0.12687193602587182,-0.2551665457129484,0.5335174471440989,0.71,ecg_raw_rest_before,ECG raw,absolute,before/sit/full,hrv_freq__LF_HF_ratio,absolute value,"LF/HF ratio (before, sit, full)",weak,False,low_abs_spearman
61,ecg_raw_rest_before::before__sit__full__hrv_time__RMSSD_ms,22,22,1.0,22,22,33.66748966776779,7.598472253091748,23.845378227662746,60.21720795001275,0.2515473991983479,0.2587846877897373,0.13642840756538996,0.5449166140033587,0.2515473991983479,0.13642840756538996,0.09951114866151545,0.12400182330150339,-0.3324735794023462,0.5140678830896813,0.688,ecg_raw_rest_before,ECG raw,absolute,before/sit/full,hrv_time__RMSSD_ms,absolute value,"RMSSD, ms (before, sit, full)",weak,False,low_abs_spearman
62,ecg_breath_before::breath_in_response_before__hrv_time__MeanNN_ms__percent_delta,22,22,1.0,22,22,-10.646155530222119,8.012342315610615,-28.86561954624782,6.748466257668713,0.027079707805715926,0.9047822708215719,0.13473012863304068,0.5499809282943696,0.027079707805715926,0.13473012863304068,0.0,0.13980981867853196,-0.35771690482834756,0.6004839613498936,0.708,ecg_breath_before,HRV time,breath_in_response_before,Inhale breath-hold response before training,hrv_time__MeanNN_ms,percent change,"Inhale breath-hold response before training: Mean NN interval, ms — percent change",weak,False,low_abs_spearman
63,ecg_breath_before::breath_in_response_before__hrv_time__MeanHR_bpm__delta,22,22,1.0,22,22,6.977478204035458,6.012011901184292,-4.475272522957894,24.145507716575125,0.03564504924509252,0.8748662838911909,-0.13133357076834218,0.5601732302135719,0.03564504924509252,0.13133357076834218,0.0,-0.13287656102189577,-0.6061987661725633,0.3601904075737909,0.7,ecg_breath_before,HRV time,breath_in_response_before,Inhale breath-hold response before training,hrv_time__MeanHR_bpm,difference,"Inhale breath-hold response before training: Mean heart rate, bpm — difference",weak,False,low_abs_spearman
64,ecg_orthostatic_before::orthostatic_before__hrv_time__MeanNN_ms__percent_delta,22,22,1.0,22,22,-21.607199696818682,4.5145932635311175,-30.693756245123684,-13.903390475325232,0.14524784208176095,0.5189662708637772,0.13076747779089246,0.5618801185178562,0.14524784208176095,0.13076747779089246,0.012150624963741974,0.13495923910824534,-0.39268363191086536,0.5685328629780588,0.722,ecg_orthostatic_before,HRV time,orthostatic_before,Orthostatic response before training,hrv_time__MeanNN_ms,percent change,"Orthostatic response before training: Mean NN interval, ms — percent change",weak,False,low_abs_spearman
65,ecg_orthostatic_before::orthostatic_before__hrv_freq__LF_power__ratio,22,22,1.0,22,22,2.771451351603564,4.087926098551151,0.1790076010386238,19.08016805804617,-0.04634399834373317,0.8377333552844132,-0.13076747779089246,0.5618801185178562,0.04634399834373317,0.13076747779089246,0.05514058036750247,-0.14139184657673604,-0.5573999009611994,0.31248645346328346,0.732,ecg_orthostatic_before,HRV frequency,orthostatic_before,Orthostatic response before training,hrv_freq__LF_power,ratio,Orthostatic response before training: LF power — ratio,weak,False,low_abs_spearman
66,ecg_orthostatic_before::orthostatic_before__hrv_time__MeanNN_ms__ratio,22,22,1.0,22,22,0.7839280030318132,0.04514593263531117,0.6930624375487632,0.8609660952467476,0.14524784208176084,0.5189662708637772,0.13076747779089246,0.5618801185178562,0.14524784208176084,0.13076747779089246,0.012150624963741974,0.13495923910824534,-0.39268363191086536,0.5685328629780588,0.722,ecg_orthostatic_before,HRV time,orthostatic_before,Orthostatic response before training,hrv_time__MeanNN_ms,ratio,"Orthostatic response before training: Mean NN interval, ms — ratio",weak,False,low_abs_spearman
67,ecg_orthostatic_before::orthostatic_before__hrv_freq__LF_power__percent_delta,22,22,1.0,22,22,177.14513516035643,408.7926098551151,-82.09923989613762,1808.016805804617,-0.046343998343733143,0.8377333552844138,-0.13076747779089246,0.5618801185178562,0.046343998343733143,0.13076747779089246,0.05514058036750247,-0.14139184657673604,-0.5573999009611994,0.31248645346328346,0.732,ecg_orthostatic_before,HRV frequency,orthostatic_before,Orthostatic response before training,hrv_freq__LF_power,percent change,Orthostatic response before training: LF power — percent change,weak,False,low_abs_spearman
68,ecg_raw_rest_before::before__long__full__hrv_time__MeanNN_ms,22,21,0.9545454545454546,21,21,984.377964081427,58.42196579215388,826.2515736423256,1086.3132070243605,0.049473566282766834,0.8313553225669786,0.12764626616349986,0.581363343304094,0.049473566282766834,0.12764626616349986,0.0,0.11873676571911644,-0.3978008576985931,0.580529823732745,0.676,ecg_raw_rest_before,ECG raw,absolute,before/long/full,hrv_time__MeanNN_ms,absolute value,"Mean NN interval, ms (before, long, full)",weak,False,low_abs_spearman
69,ecg_breath_before::breath_in_response_before__hrv_time__MeanHR_bpm__percent_delta,22,22,1.0,22,22,12.677999716542017,10.805072798367089,-6.471183012057307,40.876647149779984,0.010811830897740097,0.9619131029000791,-0.12170999015169642,0.5895002345393114,0.010811830897740097,0.12170999015169642,0.0,-0.13117706255780065,-0.589981744939364,0.36415651630759027,0.68,ecg_breath_before,HRV time,breath_in_response_before,Inhale breath-hold response before training,hrv_time__MeanHR_bpm,percent change,"Inhale breath-hold response before training: Mean heart rate, bpm — percent change",weak,False,low_abs_spearman
70,ecg_breath_before::breath_in_response_before__hrv_time__SDNN_ms__delta,22,22,1.0,22,22,-29.28446851061166,28.33162766576992,-108.30709546827693,7.244916277730084,-0.0005775575217265097,0.9979647233829435,-0.11378468846739992,0.6141298681311954,0.0005775575217265097,0.11378468846739992,0.022553524203539066,-0.0995330458090597,-0.584281903772504,0.3905306142740503,0.658,ecg_breath_before,HRV time,breath_in_response_before,Inhale breath-hold response before training,hrv_time__SDNN_ms,difference,"Inhale breath-hold response before training: SDNN, ms — difference",weak,False,low_abs_spearman
71,ecg_breath_before::breath_in_response_before__hrv_time__RMSSD_ms__delta,22,22,1.0,22,22,-29.412063953811227,24.327929854726687,-85.23840663184428,9.39264330935714,-0.04491021765222802,0.8426920237595685,-0.1126525025125004,0.6176822474244777,0.04491021765222802,0.1126525025125004,0.008503937426679764,-0.11018445905413515,-0.5807992525460237,0.38549338587365434,0.668,ecg_breath_before,HRV time,breath_in_response_before,Inhale breath-hold response before training,hrv_time__RMSSD_ms,difference,"Inhale breath-hold response before training: RMSSD, ms — difference",weak,False,low_abs_spearman
72,ecg_orthostatic_before::orthostatic_before__hrv_time__MeanHR_bpm__delta,22,22,1.0,22,22,17.773540583064722,5.087644761184558,9.432986141427342,27.439889962436894,-0.14421716791313324,0.5219682220577543,-0.08774441150471138,0.6978053904708604,0.14421716791313324,0.08774441150471138,0.0,-0.09608093229384013,-0.507861815566525,0.36279573340435145,0.648,ecg_orthostatic_before,HRV time,orthostatic_before,Orthostatic response before training,hrv_time__MeanHR_bpm,difference,"Orthostatic response before training: Mean heart rate, bpm — difference",weak,False,low_abs_spearman
73,ecg_raw_rest_before::before__sit__full__hrv_time__pNN50_percent,22,22,1.0,22,21,13.728289385977995,9.896072645620709,1.694915254237288,49.122807017543856,0.27151070457404125,0.2216002312576061,0.08352229805064629,0.711730074662923,0.27151070457404125,0.08352229805064629,0.06354671300491765,0.05950504598075225,-0.38472333576607337,0.44323773377546083,0.6,ecg_raw_rest_before,ECG raw,absolute,before/sit/full,hrv_time__pNN50_percent,absolute value,"pNN50, % (before, sit, full)",weak,False,low_abs_spearman
74,ecg_breath_before::breath_in_response_before__hrv_time__SDNN_ms__percent_delta,22,22,1.0,22,22,-57.27021216060021,32.875127401499405,-96.88468229294864,18.95115633469481,0.02228702220588025,0.9215787407656304,0.07812083088806561,0.7296739509912996,0.02228702220588025,0.07812083088806561,0.0,0.09092099037184673,-0.39136198107724934,0.5672399556441433,0.638,ecg_breath_before,HRV time,breath_in_response_before,Inhale breath-hold response before training,hrv_time__SDNN_ms,percent change,"Inhale breath-hold response before training: SDNN, ms — percent change",weak,False,low_abs_spearman
75,ecg_breath_before::breath_in_response_before__hrv_time__MeanNN_ms__delta,22,22,1.0,22,22,-116.58491504940638,88.18791762250726,-325.94014359849314,58.64789933887823,0.048634501569483624,0.8298241465984798,0.07415818004591736,0.7429260453082277,0.048634501569483624,0.07415818004591736,0.0,0.07257873948100751,-0.40993612105684035,0.548810291899089,0.604,ecg_breath_before,HRV time,breath_in_response_before,Inhale breath-hold response before training,hrv_time__MeanNN_ms,difference,"Inhale breath-hold response before training: Mean NN interval, ms — difference",weak,False,low_abs_spearman
76,ecg_orthostatic_before::orthostatic_before__hrv_time__pNN50_percent__delta,22,22,1.0,22,22,-9.647157454568625,7.583755066530965,-28.574861812064405,2.3591387998167663,-0.12157345916522852,0.5899209539421004,-0.06679897133907059,0.7677219465018698,0.12157345916522852,0.06679897133907059,0.07988464005738138,-0.04383451567879024,-0.4688116499836321,0.4380890935590037,0.59,ecg_orthostatic_before,HRV time,orthostatic_before,Orthostatic response before training,hrv_time__pNN50_percent,difference,"Orthostatic response before training: pNN50, % — difference",reject,False,low_abs_spearman;low_bootstrap_stability
77,ecg_baseline_before::baseline_dev_sit_before__hrv_freq__LF_HF_ratio__robust_z,22,19,0.8636363636363636,19,19,0.9612775823704488,2.0385692340894734,-1.4561932244420883,7.328787472436637,-0.042808893680243786,0.8618571716738379,-0.06508377976074507,0.7912296297181562,0.042808893680243786,0.06508377976074507,0.0,-0.08534289191910252,-0.49129871741189435,0.4630178946121899,0.616,ecg_baseline_before,HRV frequency,baseline_dev_sit_before,"Deviation from personal baseline, sit before training",hrv_freq__LF_HF_ratio,robust z-score,"Deviation from personal baseline, sit before training: LF/HF ratio — robust z-score",weak,False,low_abs_spearman
78,ecg_raw_rest_before::before__sit__full__hrv_nonlinear__SD1_SD2_ratio,22,22,1.0,22,22,0.5539461816293176,0.1347414907770374,0.3920889284437661,1.0064321704590018,-0.058226039688818426,0.7968848843564906,-0.059439762632223836,0.7927392096619137,0.058226039688818426,0.059439762632223836,0.014720723697293936,-0.027667408873443756,-0.4356828485953608,0.3816120037648224,0.548,ecg_raw_rest_before,ECG raw,absolute,before/sit/full,hrv_nonlinear__SD1_SD2_ratio,absolute value,"SD1/SD2 ratio (before, sit, full)",reject,False,low_abs_spearman;low_bootstrap_stability
79,ecg_orthostatic_before::orthostatic_before__hrv_time__MeanNN_ms__delta,22,22,1.0,22,22,-211.47698294815845,44.966700751157546,-313.8423874363714,-141.5443746404169,0.08826334743537854,0.696100277289957,0.05887366965477409,0.7946721298570534,0.08826334743537854,0.05887366965477409,0.0,0.07288327476381651,-0.43262216053473695,0.5652966108121175,0.604,ecg_orthostatic_before,HRV time,orthostatic_before,Orthostatic response before training,hrv_time__MeanNN_ms,difference,"Orthostatic response before training: Mean NN interval, ms — difference",weak,False,low_abs_spearman
80,ecg_raw_rest_before::before__sit__full__morph_t__T_amp,22,15,0.6818181818181818,15,15,48.57165526927905,24.98829637481686,-29.517213184793064,81.17863646848117,0.04556834538795603,0.8718910280382165,0.04851847980899623,0.8636664025344897,0.04556834538795603,0.04851847980899623,0.0,0.009983015841462326,-0.5134283966026286,0.5199660590232892,0.52,ecg_raw_rest_before,ECG raw,absolute,before/sit/full,morph_t__T_amp,absolute value,"T-wave amplitude (before, sit, full)",reject,False,low_abs_spearman;low_bootstrap_stability
81,ecg_raw_rest_before::before__long__full__hrv_freq__LF_power,22,21,0.9545454545454546,21,21,0.0007693370804269237,0.0012001108748651338,0.000175211473687,0.005279074119259,-0.03612292519359874,0.8764666809420436,-0.04558795220124994,0.8444384351550596,0.03612292519359874,0.04558795220124994,0.0,-0.03170979702076146,-0.45666457175376934,0.3230969373025216,0.576,ecg_raw_rest_before,ECG raw,absolute,before/long/full,hrv_freq__LF_power,absolute value,"LF power (before, long, full)",reject,False,low_abs_spearman;low_bootstrap_stability
82,ecg_breath_before::breath_in_response_before__hrv_time__RMSSD_ms__percent_delta,22,22,1.0,22,22,-57.739515609720094,30.99817360626967,-96.07465664010576,20.715663384793057,0.02776835633507057,0.9023718915101618,-0.039626508421482555,0.8610138684572874,0.02776835633507057,0.039626508421482555,0.0,-0.05062960062372119,-0.46674581503753637,0.4496277683580954,0.574,ecg_breath_before,HRV time,breath_in_response_before,Inhale breath-hold response before training,hrv_time__RMSSD_ms,percent change,"Inhale breath-hold response before training: RMSSD, ms — percent change",reject,False,low_abs_spearman;low_bootstrap_stability
83,ecg_raw_rest_before::before__sit__full__hrv_freq__HF_power,22,22,1.0,22,22,0.0002382332272400095,0.0002259548730772272,7.454966421620925e-05,0.001197771370359,0.30005700582661665,0.17486125052825555,0.0367960435342338,0.8708578922765813,0.30005700582661665,0.0367960435342338,0.0628023306165022,0.03910011758352426,-0.33453482490147884,0.45215926264582196,0.584,ecg_raw_rest_before,ECG raw,absolute,before/sit/full,hrv_freq__HF_power,absolute value,"HF power (before, sit, full)",reject,False,low_abs_spearman;low_bootstrap_stability
84,ecg_raw_rest_before::before__long__full__morph_qrs__QRS_main_amp,22,7,0.3181818181818182,7,7,355.1802853091721,3.1525832554102298,350.5365100437574,359.0706854924035,-0.2907022392008607,0.5270742718803133,-0.03603749850782236,0.9388605613942139,0.2907022392008607,0.03603749850782236,0.06428571428571472,-0.01818181818181818,-0.8847946725860156,0.9701425001453319,0.503006012024048,ecg_raw_rest_before,ECG raw,absolute,before/long/full,morph_qrs__QRS_main_amp,absolute value,"QRS main amplitude (before, long, full)",reject,False,low_valid_fraction;low_abs_spearman;low_bootstrap_stability
85,ecg_orthostatic_before::orthostatic_before__hrv_time__MeanHR_bpm__ratio,22,22,1.0,22,22,1.2885240911039315,0.0792065705738759,1.1620997080900912,1.448959116038434,-0.11175778347627606,0.6204953969413416,-0.013020138481344269,0.9541411245707293,0.11175778347627606,0.013020138481344269,0.0,-0.02540341789858524,-0.48330741599762583,0.45915158924160093,0.53,ecg_orthostatic_before,HRV time,orthostatic_before,Orthostatic response before training,hrv_time__MeanHR_bpm,ratio,"Orthostatic response before training: Mean heart rate, bpm — ratio",reject,False,low_abs_spearman;low_bootstrap_stability
86,ecg_orthostatic_before::orthostatic_before__hrv_time__MeanHR_bpm__percent_delta,22,22,1.0,22,22,28.85240911039314,7.920657057387585,16.209970809009132,44.8959116038434,-0.111757783476276,0.6204953969413416,-0.013020138481344269,0.9541411245707293,0.111757783476276,0.013020138481344269,0.0,-0.02540341789858524,-0.48330741599762583,0.45915158924160093,0.53,ecg_orthostatic_before,HRV time,orthostatic_before,Orthostatic response before training,hrv_time__MeanHR_bpm,percent change,"Orthostatic response before training: Mean heart rate, bpm — percent change",reject,False,low_abs_spearman;low_bootstrap_stability
