column,role,source_table,feature_family,source_id,phase,recording,segment,feature,operation_id,operation_type,formula,base_formula,formula_key,id,label,direction,horizon,data_type,scale_type,is_target
date,meta,computed,date,,,,,,,,,,,,,,,,,False
n_ecg_records_expected,qc,raw_ecg_features,qc_summary,,,,,,,,,,,,,,,,,False
n_ecg_records_found,qc,raw_ecg_features,qc_summary,,,,,,,,,,,,,,,,,False
n_ecg_records_valid_hrv,qc,raw_ecg_features,qc_summary,,,,,,,,,,,,,,,,,False
n_ecg_records_valid_morphology,qc,raw_ecg_features,qc_summary,,,,,,,,,,,,,,,,,False
complete_core_day,qc,raw_ecg_features,qc_summary,,,,,,,,,,,,,,,,,False
raw_ecg__before__sit__full__hrv_time__MeanHR_bpm,input,raw_ecg_features,hrv_time,sit_before,before,sit,full,hrv_time__MeanHR_bpm,,,,,,,,,,,,False
raw_ecg__before__sit__full__hrv_time__MeanNN_ms,input,raw_ecg_features,hrv_time,sit_before,before,sit,full,hrv_time__MeanNN_ms,,,,,,,,,,,,False
raw_ecg__before__sit__full__hrv_time__SDNN_ms,input,raw_ecg_features,hrv_time,sit_before,before,sit,full,hrv_time__SDNN_ms,,,,,,,,,,,,False
raw_ecg__before__sit__full__hrv_time__RMSSD_ms,input,raw_ecg_features,hrv_time,sit_before,before,sit,full,hrv_time__RMSSD_ms,,,,,,,,,,,,False
raw_ecg__before__sit__full__hrv_time__pNN50_percent,input,raw_ecg_features,hrv_time,sit_before,before,sit,full,hrv_time__pNN50_percent,,,,,,,,,,,,False
raw_ecg__before__sit__full__hrv_freq__LF_power,input,raw_ecg_features,hrv_freq,sit_before,before,sit,full,hrv_freq__LF_power,,,,,,,,,,,,False
raw_ecg__before__sit__full__hrv_freq__HF_power,input,raw_ecg_features,hrv_freq,sit_before,before,sit,full,hrv_freq__HF_power,,,,,,,,,,,,False
raw_ecg__before__sit__full__hrv_freq__LF_HF_ratio,input,raw_ecg_features,hrv_freq,sit_before,before,sit,full,hrv_freq__LF_HF_ratio,,,,,,,,,,,,False
raw_ecg__before__sit__full__morph_qrs__QRS_duration_ms,input,raw_ecg_features,morph_qrs,sit_before,before,sit,full,morph_qrs__QRS_duration_ms,,,,,,,,,,,,False
raw_ecg__before__sit__full__morph_qrs__QRS_area,input,raw_ecg_features,morph_qrs,sit_before,before,sit,full,morph_qrs__QRS_area,,,,,,,,,,,,False
raw_ecg__before__sit__full__morph_qrs__QRS_main_amp,input,raw_ecg_features,morph_qrs,sit_before,before,sit,full,morph_qrs__QRS_main_amp,,,,,,,,,,,,False
raw_ecg__before__sit__full__morph_qrs__R_width_half_ms,input,raw_ecg_features,morph_qrs,sit_before,before,sit,full,morph_qrs__R_width_half_ms,,,,,,,,,,,,False
raw_ecg__before__sit__full__morph_t__T_amp,input,raw_ecg_features,morph_t,sit_before,before,sit,full,morph_t__T_amp,,,,,,,,,,,,False
raw_ecg__before__sit__full__morph_t__T_area,input,raw_ecg_features,morph_t,sit_before,before,sit,full,morph_t__T_area,,,,,,,,,,,,False
raw_ecg__before__sit__full__morph_t__RT_interval_ms,input,raw_ecg_features,morph_t,sit_before,before,sit,full,morph_t__RT_interval_ms,,,,,,,,,,,,False
raw_ecg__before__sit__full__morph_t__QT_like_ms,input,raw_ecg_features,morph_t,sit_before,before,sit,full,morph_t__QT_like_ms,,,,,,,,,,,,False
raw_ecg__before__stand__full__hrv_time__MeanHR_bpm,input,raw_ecg_features,hrv_time,stand_before,before,stand,full,hrv_time__MeanHR_bpm,,,,,,,,,,,,False
raw_ecg__before__stand__full__hrv_time__MeanNN_ms,input,raw_ecg_features,hrv_time,stand_before,before,stand,full,hrv_time__MeanNN_ms,,,,,,,,,,,,False
raw_ecg__before__stand__full__hrv_time__SDNN_ms,input,raw_ecg_features,hrv_time,stand_before,before,stand,full,hrv_time__SDNN_ms,,,,,,,,,,,,False
raw_ecg__before__stand__full__hrv_time__RMSSD_ms,input,raw_ecg_features,hrv_time,stand_before,before,stand,full,hrv_time__RMSSD_ms,,,,,,,,,,,,False
raw_ecg__before__stand__full__hrv_time__pNN50_percent,input,raw_ecg_features,hrv_time,stand_before,before,stand,full,hrv_time__pNN50_percent,,,,,,,,,,,,False
raw_ecg__before__stand__full__hrv_freq__LF_power,input,raw_ecg_features,hrv_freq,stand_before,before,stand,full,hrv_freq__LF_power,,,,,,,,,,,,False
raw_ecg__before__stand__full__hrv_freq__HF_power,input,raw_ecg_features,hrv_freq,stand_before,before,stand,full,hrv_freq__HF_power,,,,,,,,,,,,False
raw_ecg__before__stand__full__hrv_freq__LF_HF_ratio,input,raw_ecg_features,hrv_freq,stand_before,before,stand,full,hrv_freq__LF_HF_ratio,,,,,,,,,,,,False
raw_ecg__before__stand__full__morph_qrs__QRS_duration_ms,input,raw_ecg_features,morph_qrs,stand_before,before,stand,full,morph_qrs__QRS_duration_ms,,,,,,,,,,,,False
raw_ecg__before__stand__full__morph_qrs__QRS_area,input,raw_ecg_features,morph_qrs,stand_before,before,stand,full,morph_qrs__QRS_area,,,,,,,,,,,,False
raw_ecg__before__stand__full__morph_qrs__QRS_main_amp,input,raw_ecg_features,morph_qrs,stand_before,before,stand,full,morph_qrs__QRS_main_amp,,,,,,,,,,,,False
raw_ecg__before__stand__full__morph_qrs__R_width_half_ms,input,raw_ecg_features,morph_qrs,stand_before,before,stand,full,morph_qrs__R_width_half_ms,,,,,,,,,,,,False
raw_ecg__before__stand__full__morph_t__T_amp,input,raw_ecg_features,morph_t,stand_before,before,stand,full,morph_t__T_amp,,,,,,,,,,,,False
raw_ecg__before__stand__full__morph_t__T_area,input,raw_ecg_features,morph_t,stand_before,before,stand,full,morph_t__T_area,,,,,,,,,,,,False
raw_ecg__before__stand__full__morph_t__RT_interval_ms,input,raw_ecg_features,morph_t,stand_before,before,stand,full,morph_t__RT_interval_ms,,,,,,,,,,,,False
raw_ecg__before__stand__full__morph_t__QT_like_ms,input,raw_ecg_features,morph_t,stand_before,before,stand,full,morph_t__QT_like_ms,,,,,,,,,,,,False
raw_ecg__before__long__full__hrv_time__MeanHR_bpm,input,raw_ecg_features,hrv_time,long_before,before,long,full,hrv_time__MeanHR_bpm,,,,,,,,,,,,False
raw_ecg__before__long__full__hrv_time__MeanNN_ms,input,raw_ecg_features,hrv_time,long_before,before,long,full,hrv_time__MeanNN_ms,,,,,,,,,,,,False
raw_ecg__before__long__full__hrv_time__SDNN_ms,input,raw_ecg_features,hrv_time,long_before,before,long,full,hrv_time__SDNN_ms,,,,,,,,,,,,False
raw_ecg__before__long__full__hrv_time__RMSSD_ms,input,raw_ecg_features,hrv_time,long_before,before,long,full,hrv_time__RMSSD_ms,,,,,,,,,,,,False
raw_ecg__before__long__full__hrv_time__pNN50_percent,input,raw_ecg_features,hrv_time,long_before,before,long,full,hrv_time__pNN50_percent,,,,,,,,,,,,False
raw_ecg__before__long__full__hrv_freq__LF_power,input,raw_ecg_features,hrv_freq,long_before,before,long,full,hrv_freq__LF_power,,,,,,,,,,,,False
raw_ecg__before__long__full__hrv_freq__HF_power,input,raw_ecg_features,hrv_freq,long_before,before,long,full,hrv_freq__HF_power,,,,,,,,,,,,False
raw_ecg__before__long__full__hrv_freq__LF_HF_ratio,input,raw_ecg_features,hrv_freq,long_before,before,long,full,hrv_freq__LF_HF_ratio,,,,,,,,,,,,False
raw_ecg__before__long__full__morph_qrs__QRS_duration_ms,input,raw_ecg_features,morph_qrs,long_before,before,long,full,morph_qrs__QRS_duration_ms,,,,,,,,,,,,False
raw_ecg__before__long__full__morph_qrs__QRS_area,input,raw_ecg_features,morph_qrs,long_before,before,long,full,morph_qrs__QRS_area,,,,,,,,,,,,False
raw_ecg__before__long__full__morph_qrs__QRS_main_amp,input,raw_ecg_features,morph_qrs,long_before,before,long,full,morph_qrs__QRS_main_amp,,,,,,,,,,,,False
raw_ecg__before__long__full__morph_qrs__R_width_half_ms,input,raw_ecg_features,morph_qrs,long_before,before,long,full,morph_qrs__R_width_half_ms,,,,,,,,,,,,False
raw_ecg__before__long__full__morph_t__T_amp,input,raw_ecg_features,morph_t,long_before,before,long,full,morph_t__T_amp,,,,,,,,,,,,False
raw_ecg__before__long__full__morph_t__T_area,input,raw_ecg_features,morph_t,long_before,before,long,full,morph_t__T_area,,,,,,,,,,,,False
raw_ecg__before__long__full__morph_t__RT_interval_ms,input,raw_ecg_features,morph_t,long_before,before,long,full,morph_t__RT_interval_ms,,,,,,,,,,,,False
raw_ecg__before__long__full__morph_t__QT_like_ms,input,raw_ecg_features,morph_t,long_before,before,long,full,morph_t__QT_like_ms,,,,,,,,,,,,False
raw_ecg__after__sit__full__hrv_time__MeanHR_bpm,input,raw_ecg_features,hrv_time,sit_after,after,sit,full,hrv_time__MeanHR_bpm,,,,,,,,,,,,False
raw_ecg__after__sit__full__hrv_time__MeanNN_ms,input,raw_ecg_features,hrv_time,sit_after,after,sit,full,hrv_time__MeanNN_ms,,,,,,,,,,,,False
raw_ecg__after__sit__full__hrv_time__SDNN_ms,input,raw_ecg_features,hrv_time,sit_after,after,sit,full,hrv_time__SDNN_ms,,,,,,,,,,,,False
raw_ecg__after__sit__full__hrv_time__RMSSD_ms,input,raw_ecg_features,hrv_time,sit_after,after,sit,full,hrv_time__RMSSD_ms,,,,,,,,,,,,False
raw_ecg__after__sit__full__hrv_time__pNN50_percent,input,raw_ecg_features,hrv_time,sit_after,after,sit,full,hrv_time__pNN50_percent,,,,,,,,,,,,False
raw_ecg__after__sit__full__hrv_freq__LF_power,input,raw_ecg_features,hrv_freq,sit_after,after,sit,full,hrv_freq__LF_power,,,,,,,,,,,,False
raw_ecg__after__sit__full__hrv_freq__HF_power,input,raw_ecg_features,hrv_freq,sit_after,after,sit,full,hrv_freq__HF_power,,,,,,,,,,,,False
raw_ecg__after__sit__full__hrv_freq__LF_HF_ratio,input,raw_ecg_features,hrv_freq,sit_after,after,sit,full,hrv_freq__LF_HF_ratio,,,,,,,,,,,,False
raw_ecg__after__sit__full__morph_qrs__QRS_duration_ms,input,raw_ecg_features,morph_qrs,sit_after,after,sit,full,morph_qrs__QRS_duration_ms,,,,,,,,,,,,False
raw_ecg__after__sit__full__morph_qrs__QRS_area,input,raw_ecg_features,morph_qrs,sit_after,after,sit,full,morph_qrs__QRS_area,,,,,,,,,,,,False
raw_ecg__after__sit__full__morph_qrs__QRS_main_amp,input,raw_ecg_features,morph_qrs,sit_after,after,sit,full,morph_qrs__QRS_main_amp,,,,,,,,,,,,False
raw_ecg__after__sit__full__morph_qrs__R_width_half_ms,input,raw_ecg_features,morph_qrs,sit_after,after,sit,full,morph_qrs__R_width_half_ms,,,,,,,,,,,,False
raw_ecg__after__sit__full__morph_t__T_amp,input,raw_ecg_features,morph_t,sit_after,after,sit,full,morph_t__T_amp,,,,,,,,,,,,False
raw_ecg__after__sit__full__morph_t__T_area,input,raw_ecg_features,morph_t,sit_after,after,sit,full,morph_t__T_area,,,,,,,,,,,,False
raw_ecg__after__sit__full__morph_t__RT_interval_ms,input,raw_ecg_features,morph_t,sit_after,after,sit,full,morph_t__RT_interval_ms,,,,,,,,,,,,False
raw_ecg__after__sit__full__morph_t__QT_like_ms,input,raw_ecg_features,morph_t,sit_after,after,sit,full,morph_t__QT_like_ms,,,,,,,,,,,,False
raw_ecg__after__stand__full__hrv_time__MeanHR_bpm,input,raw_ecg_features,hrv_time,stand_after,after,stand,full,hrv_time__MeanHR_bpm,,,,,,,,,,,,False
raw_ecg__after__stand__full__hrv_time__MeanNN_ms,input,raw_ecg_features,hrv_time,stand_after,after,stand,full,hrv_time__MeanNN_ms,,,,,,,,,,,,False
raw_ecg__after__stand__full__hrv_time__SDNN_ms,input,raw_ecg_features,hrv_time,stand_after,after,stand,full,hrv_time__SDNN_ms,,,,,,,,,,,,False
raw_ecg__after__stand__full__hrv_time__RMSSD_ms,input,raw_ecg_features,hrv_time,stand_after,after,stand,full,hrv_time__RMSSD_ms,,,,,,,,,,,,False
raw_ecg__after__stand__full__hrv_time__pNN50_percent,input,raw_ecg_features,hrv_time,stand_after,after,stand,full,hrv_time__pNN50_percent,,,,,,,,,,,,False
raw_ecg__after__stand__full__hrv_freq__LF_power,input,raw_ecg_features,hrv_freq,stand_after,after,stand,full,hrv_freq__LF_power,,,,,,,,,,,,False
raw_ecg__after__stand__full__hrv_freq__HF_power,input,raw_ecg_features,hrv_freq,stand_after,after,stand,full,hrv_freq__HF_power,,,,,,,,,,,,False
raw_ecg__after__stand__full__hrv_freq__LF_HF_ratio,input,raw_ecg_features,hrv_freq,stand_after,after,stand,full,hrv_freq__LF_HF_ratio,,,,,,,,,,,,False
raw_ecg__after__stand__full__morph_qrs__QRS_duration_ms,input,raw_ecg_features,morph_qrs,stand_after,after,stand,full,morph_qrs__QRS_duration_ms,,,,,,,,,,,,False
raw_ecg__after__stand__full__morph_qrs__QRS_area,input,raw_ecg_features,morph_qrs,stand_after,after,stand,full,morph_qrs__QRS_area,,,,,,,,,,,,False
raw_ecg__after__stand__full__morph_qrs__QRS_main_amp,input,raw_ecg_features,morph_qrs,stand_after,after,stand,full,morph_qrs__QRS_main_amp,,,,,,,,,,,,False
raw_ecg__after__stand__full__morph_qrs__R_width_half_ms,input,raw_ecg_features,morph_qrs,stand_after,after,stand,full,morph_qrs__R_width_half_ms,,,,,,,,,,,,False
raw_ecg__after__stand__full__morph_t__T_amp,input,raw_ecg_features,morph_t,stand_after,after,stand,full,morph_t__T_amp,,,,,,,,,,,,False
raw_ecg__after__stand__full__morph_t__T_area,input,raw_ecg_features,morph_t,stand_after,after,stand,full,morph_t__T_area,,,,,,,,,,,,False
raw_ecg__after__stand__full__morph_t__RT_interval_ms,input,raw_ecg_features,morph_t,stand_after,after,stand,full,morph_t__RT_interval_ms,,,,,,,,,,,,False
raw_ecg__after__stand__full__morph_t__QT_like_ms,input,raw_ecg_features,morph_t,stand_after,after,stand,full,morph_t__QT_like_ms,,,,,,,,,,,,False
raw_ecg__after__long__full__hrv_time__MeanHR_bpm,input,raw_ecg_features,hrv_time,long_after,after,long,full,hrv_time__MeanHR_bpm,,,,,,,,,,,,False
raw_ecg__after__long__full__hrv_time__MeanNN_ms,input,raw_ecg_features,hrv_time,long_after,after,long,full,hrv_time__MeanNN_ms,,,,,,,,,,,,False
raw_ecg__after__long__full__hrv_time__SDNN_ms,input,raw_ecg_features,hrv_time,long_after,after,long,full,hrv_time__SDNN_ms,,,,,,,,,,,,False
raw_ecg__after__long__full__hrv_time__RMSSD_ms,input,raw_ecg_features,hrv_time,long_after,after,long,full,hrv_time__RMSSD_ms,,,,,,,,,,,,False
raw_ecg__after__long__full__hrv_time__pNN50_percent,input,raw_ecg_features,hrv_time,long_after,after,long,full,hrv_time__pNN50_percent,,,,,,,,,,,,False
raw_ecg__after__long__full__hrv_freq__LF_power,input,raw_ecg_features,hrv_freq,long_after,after,long,full,hrv_freq__LF_power,,,,,,,,,,,,False
raw_ecg__after__long__full__hrv_freq__HF_power,input,raw_ecg_features,hrv_freq,long_after,after,long,full,hrv_freq__HF_power,,,,,,,,,,,,False
raw_ecg__after__long__full__hrv_freq__LF_HF_ratio,input,raw_ecg_features,hrv_freq,long_after,after,long,full,hrv_freq__LF_HF_ratio,,,,,,,,,,,,False
raw_ecg__after__long__full__morph_qrs__QRS_duration_ms,input,raw_ecg_features,morph_qrs,long_after,after,long,full,morph_qrs__QRS_duration_ms,,,,,,,,,,,,False
raw_ecg__after__long__full__morph_qrs__QRS_area,input,raw_ecg_features,morph_qrs,long_after,after,long,full,morph_qrs__QRS_area,,,,,,,,,,,,False
raw_ecg__after__long__full__morph_qrs__QRS_main_amp,input,raw_ecg_features,morph_qrs,long_after,after,long,full,morph_qrs__QRS_main_amp,,,,,,,,,,,,False
raw_ecg__after__long__full__morph_qrs__R_width_half_ms,input,raw_ecg_features,morph_qrs,long_after,after,long,full,morph_qrs__R_width_half_ms,,,,,,,,,,,,False
raw_ecg__after__long__full__morph_t__T_amp,input,raw_ecg_features,morph_t,long_after,after,long,full,morph_t__T_amp,,,,,,,,,,,,False
raw_ecg__after__long__full__morph_t__T_area,input,raw_ecg_features,morph_t,long_after,after,long,full,morph_t__T_area,,,,,,,,,,,,False
raw_ecg__after__long__full__morph_t__RT_interval_ms,input,raw_ecg_features,morph_t,long_after,after,long,full,morph_t__RT_interval_ms,,,,,,,,,,,,False
raw_ecg__after__long__full__morph_t__QT_like_ms,input,raw_ecg_features,morph_t,long_after,after,long,full,morph_t__QT_like_ms,,,,,,,,,,,,False
raw_ecg__before__breath_in__start__hrv_time__MeanHR_bpm,input,raw_ecg_features,hrv_time,breath_in_start_before,before,breath_in,start,hrv_time__MeanHR_bpm,,,,,,,,,,,,False
raw_ecg__before__breath_in__start__hrv_time__MeanNN_ms,input,raw_ecg_features,hrv_time,breath_in_start_before,before,breath_in,start,hrv_time__MeanNN_ms,,,,,,,,,,,,False
raw_ecg__before__breath_in__start__hrv_time__SDNN_ms,input,raw_ecg_features,hrv_time,breath_in_start_before,before,breath_in,start,hrv_time__SDNN_ms,,,,,,,,,,,,False
raw_ecg__before__breath_in__start__hrv_time__RMSSD_ms,input,raw_ecg_features,hrv_time,breath_in_start_before,before,breath_in,start,hrv_time__RMSSD_ms,,,,,,,,,,,,False
raw_ecg__before__breath_in__start__hrv_time__pNN50_percent,input,raw_ecg_features,hrv_time,breath_in_start_before,before,breath_in,start,hrv_time__pNN50_percent,,,,,,,,,,,,False
raw_ecg__before__breath_in__start__hrv_freq__LF_power,input,raw_ecg_features,hrv_freq,breath_in_start_before,before,breath_in,start,hrv_freq__LF_power,,,,,,,,,,,,False
raw_ecg__before__breath_in__start__hrv_freq__HF_power,input,raw_ecg_features,hrv_freq,breath_in_start_before,before,breath_in,start,hrv_freq__HF_power,,,,,,,,,,,,False
raw_ecg__before__breath_in__start__hrv_freq__LF_HF_ratio,input,raw_ecg_features,hrv_freq,breath_in_start_before,before,breath_in,start,hrv_freq__LF_HF_ratio,,,,,,,,,,,,False
raw_ecg__before__breath_in__start__morph_qrs__QRS_duration_ms,input,raw_ecg_features,morph_qrs,breath_in_start_before,before,breath_in,start,morph_qrs__QRS_duration_ms,,,,,,,,,,,,False
raw_ecg__before__breath_in__start__morph_qrs__QRS_area,input,raw_ecg_features,morph_qrs,breath_in_start_before,before,breath_in,start,morph_qrs__QRS_area,,,,,,,,,,,,False
raw_ecg__before__breath_in__start__morph_qrs__QRS_main_amp,input,raw_ecg_features,morph_qrs,breath_in_start_before,before,breath_in,start,morph_qrs__QRS_main_amp,,,,,,,,,,,,False
raw_ecg__before__breath_in__start__morph_qrs__R_width_half_ms,input,raw_ecg_features,morph_qrs,breath_in_start_before,before,breath_in,start,morph_qrs__R_width_half_ms,,,,,,,,,,,,False
raw_ecg__before__breath_in__start__morph_t__T_amp,input,raw_ecg_features,morph_t,breath_in_start_before,before,breath_in,start,morph_t__T_amp,,,,,,,,,,,,False
raw_ecg__before__breath_in__start__morph_t__T_area,input,raw_ecg_features,morph_t,breath_in_start_before,before,breath_in,start,morph_t__T_area,,,,,,,,,,,,False
raw_ecg__before__breath_in__start__morph_t__RT_interval_ms,input,raw_ecg_features,morph_t,breath_in_start_before,before,breath_in,start,morph_t__RT_interval_ms,,,,,,,,,,,,False
raw_ecg__before__breath_in__start__morph_t__QT_like_ms,input,raw_ecg_features,morph_t,breath_in_start_before,before,breath_in,start,morph_t__QT_like_ms,,,,,,,,,,,,False
raw_ecg__before__breath_in__end__hrv_time__MeanHR_bpm,input,raw_ecg_features,hrv_time,breath_in_end_before,before,breath_in,end,hrv_time__MeanHR_bpm,,,,,,,,,,,,False
raw_ecg__before__breath_in__end__hrv_time__MeanNN_ms,input,raw_ecg_features,hrv_time,breath_in_end_before,before,breath_in,end,hrv_time__MeanNN_ms,,,,,,,,,,,,False
raw_ecg__before__breath_in__end__hrv_time__SDNN_ms,input,raw_ecg_features,hrv_time,breath_in_end_before,before,breath_in,end,hrv_time__SDNN_ms,,,,,,,,,,,,False
raw_ecg__before__breath_in__end__hrv_time__RMSSD_ms,input,raw_ecg_features,hrv_time,breath_in_end_before,before,breath_in,end,hrv_time__RMSSD_ms,,,,,,,,,,,,False
raw_ecg__before__breath_in__end__hrv_time__pNN50_percent,input,raw_ecg_features,hrv_time,breath_in_end_before,before,breath_in,end,hrv_time__pNN50_percent,,,,,,,,,,,,False
raw_ecg__before__breath_in__end__hrv_freq__LF_power,input,raw_ecg_features,hrv_freq,breath_in_end_before,before,breath_in,end,hrv_freq__LF_power,,,,,,,,,,,,False
raw_ecg__before__breath_in__end__hrv_freq__HF_power,input,raw_ecg_features,hrv_freq,breath_in_end_before,before,breath_in,end,hrv_freq__HF_power,,,,,,,,,,,,False
raw_ecg__before__breath_in__end__hrv_freq__LF_HF_ratio,input,raw_ecg_features,hrv_freq,breath_in_end_before,before,breath_in,end,hrv_freq__LF_HF_ratio,,,,,,,,,,,,False
raw_ecg__before__breath_in__end__morph_qrs__QRS_duration_ms,input,raw_ecg_features,morph_qrs,breath_in_end_before,before,breath_in,end,morph_qrs__QRS_duration_ms,,,,,,,,,,,,False
raw_ecg__before__breath_in__end__morph_qrs__QRS_area,input,raw_ecg_features,morph_qrs,breath_in_end_before,before,breath_in,end,morph_qrs__QRS_area,,,,,,,,,,,,False
raw_ecg__before__breath_in__end__morph_qrs__QRS_main_amp,input,raw_ecg_features,morph_qrs,breath_in_end_before,before,breath_in,end,morph_qrs__QRS_main_amp,,,,,,,,,,,,False
raw_ecg__before__breath_in__end__morph_qrs__R_width_half_ms,input,raw_ecg_features,morph_qrs,breath_in_end_before,before,breath_in,end,morph_qrs__R_width_half_ms,,,,,,,,,,,,False
raw_ecg__before__breath_in__end__morph_t__T_amp,input,raw_ecg_features,morph_t,breath_in_end_before,before,breath_in,end,morph_t__T_amp,,,,,,,,,,,,False
raw_ecg__before__breath_in__end__morph_t__T_area,input,raw_ecg_features,morph_t,breath_in_end_before,before,breath_in,end,morph_t__T_area,,,,,,,,,,,,False
raw_ecg__before__breath_in__end__morph_t__RT_interval_ms,input,raw_ecg_features,morph_t,breath_in_end_before,before,breath_in,end,morph_t__RT_interval_ms,,,,,,,,,,,,False
raw_ecg__before__breath_in__end__morph_t__QT_like_ms,input,raw_ecg_features,morph_t,breath_in_end_before,before,breath_in,end,morph_t__QT_like_ms,,,,,,,,,,,,False
ecg_der__orthostatic_before__delta__hrv_time__MeanHR_bpm,input,ecg_derived,hrv_time,,,,,hrv_time__MeanHR_bpm,orthostatic_before,pairwise,delta,,delta,,,,,,,False
ecg_der__orthostatic_before__percent_delta__hrv_time__MeanHR_bpm,input,ecg_derived,hrv_time,,,,,hrv_time__MeanHR_bpm,orthostatic_before,pairwise,percent_delta,,percent_delta,,,,,,,False
ecg_der__orthostatic_before__ratio__hrv_time__MeanHR_bpm,input,ecg_derived,hrv_time,,,,,hrv_time__MeanHR_bpm,orthostatic_before,pairwise,ratio,,ratio,,,,,,,False
ecg_der__orthostatic_before__delta__hrv_time__MeanNN_ms,input,ecg_derived,hrv_time,,,,,hrv_time__MeanNN_ms,orthostatic_before,pairwise,delta,,delta,,,,,,,False
ecg_der__orthostatic_before__percent_delta__hrv_time__MeanNN_ms,input,ecg_derived,hrv_time,,,,,hrv_time__MeanNN_ms,orthostatic_before,pairwise,percent_delta,,percent_delta,,,,,,,False
ecg_der__orthostatic_before__ratio__hrv_time__MeanNN_ms,input,ecg_derived,hrv_time,,,,,hrv_time__MeanNN_ms,orthostatic_before,pairwise,ratio,,ratio,,,,,,,False
ecg_der__orthostatic_before__delta__hrv_time__SDNN_ms,input,ecg_derived,hrv_time,,,,,hrv_time__SDNN_ms,orthostatic_before,pairwise,delta,,delta,,,,,,,False
ecg_der__orthostatic_before__percent_delta__hrv_time__SDNN_ms,input,ecg_derived,hrv_time,,,,,hrv_time__SDNN_ms,orthostatic_before,pairwise,percent_delta,,percent_delta,,,,,,,False
ecg_der__orthostatic_before__ratio__hrv_time__SDNN_ms,input,ecg_derived,hrv_time,,,,,hrv_time__SDNN_ms,orthostatic_before,pairwise,ratio,,ratio,,,,,,,False
ecg_der__orthostatic_before__delta__hrv_time__RMSSD_ms,input,ecg_derived,hrv_time,,,,,hrv_time__RMSSD_ms,orthostatic_before,pairwise,delta,,delta,,,,,,,False
ecg_der__orthostatic_before__percent_delta__hrv_time__RMSSD_ms,input,ecg_derived,hrv_time,,,,,hrv_time__RMSSD_ms,orthostatic_before,pairwise,percent_delta,,percent_delta,,,,,,,False
ecg_der__orthostatic_before__ratio__hrv_time__RMSSD_ms,input,ecg_derived,hrv_time,,,,,hrv_time__RMSSD_ms,orthostatic_before,pairwise,ratio,,ratio,,,,,,,False
ecg_der__orthostatic_before__delta__hrv_time__pNN50_percent,input,ecg_derived,hrv_time,,,,,hrv_time__pNN50_percent,orthostatic_before,pairwise,delta,,delta,,,,,,,False
ecg_der__orthostatic_before__percent_delta__hrv_time__pNN50_percent,input,ecg_derived,hrv_time,,,,,hrv_time__pNN50_percent,orthostatic_before,pairwise,percent_delta,,percent_delta,,,,,,,False
ecg_der__orthostatic_before__ratio__hrv_time__pNN50_percent,input,ecg_derived,hrv_time,,,,,hrv_time__pNN50_percent,orthostatic_before,pairwise,ratio,,ratio,,,,,,,False
ecg_der__orthostatic_before__delta__hrv_freq__LF_power,input,ecg_derived,hrv_freq,,,,,hrv_freq__LF_power,orthostatic_before,pairwise,delta,,delta,,,,,,,False
ecg_der__orthostatic_before__percent_delta__hrv_freq__LF_power,input,ecg_derived,hrv_freq,,,,,hrv_freq__LF_power,orthostatic_before,pairwise,percent_delta,,percent_delta,,,,,,,False
ecg_der__orthostatic_before__ratio__hrv_freq__LF_power,input,ecg_derived,hrv_freq,,,,,hrv_freq__LF_power,orthostatic_before,pairwise,ratio,,ratio,,,,,,,False
ecg_der__orthostatic_before__delta__hrv_freq__HF_power,input,ecg_derived,hrv_freq,,,,,hrv_freq__HF_power,orthostatic_before,pairwise,delta,,delta,,,,,,,False
ecg_der__orthostatic_before__percent_delta__hrv_freq__HF_power,input,ecg_derived,hrv_freq,,,,,hrv_freq__HF_power,orthostatic_before,pairwise,percent_delta,,percent_delta,,,,,,,False
ecg_der__orthostatic_before__ratio__hrv_freq__HF_power,input,ecg_derived,hrv_freq,,,,,hrv_freq__HF_power,orthostatic_before,pairwise,ratio,,ratio,,,,,,,False
ecg_der__orthostatic_before__delta__hrv_freq__LF_HF_ratio,input,ecg_derived,hrv_freq,,,,,hrv_freq__LF_HF_ratio,orthostatic_before,pairwise,delta,,delta,,,,,,,False
ecg_der__orthostatic_before__percent_delta__hrv_freq__LF_HF_ratio,input,ecg_derived,hrv_freq,,,,,hrv_freq__LF_HF_ratio,orthostatic_before,pairwise,percent_delta,,percent_delta,,,,,,,False
ecg_der__orthostatic_before__ratio__hrv_freq__LF_HF_ratio,input,ecg_derived,hrv_freq,,,,,hrv_freq__LF_HF_ratio,orthostatic_before,pairwise,ratio,,ratio,,,,,,,False
ecg_der__orthostatic_after__delta__hrv_time__MeanHR_bpm,input,ecg_derived,hrv_time,,,,,hrv_time__MeanHR_bpm,orthostatic_after,pairwise,delta,,delta,,,,,,,False
ecg_der__orthostatic_after__percent_delta__hrv_time__MeanHR_bpm,input,ecg_derived,hrv_time,,,,,hrv_time__MeanHR_bpm,orthostatic_after,pairwise,percent_delta,,percent_delta,,,,,,,False
ecg_der__orthostatic_after__ratio__hrv_time__MeanHR_bpm,input,ecg_derived,hrv_time,,,,,hrv_time__MeanHR_bpm,orthostatic_after,pairwise,ratio,,ratio,,,,,,,False
ecg_der__orthostatic_after__delta__hrv_time__MeanNN_ms,input,ecg_derived,hrv_time,,,,,hrv_time__MeanNN_ms,orthostatic_after,pairwise,delta,,delta,,,,,,,False
ecg_der__orthostatic_after__percent_delta__hrv_time__MeanNN_ms,input,ecg_derived,hrv_time,,,,,hrv_time__MeanNN_ms,orthostatic_after,pairwise,percent_delta,,percent_delta,,,,,,,False
ecg_der__orthostatic_after__ratio__hrv_time__MeanNN_ms,input,ecg_derived,hrv_time,,,,,hrv_time__MeanNN_ms,orthostatic_after,pairwise,ratio,,ratio,,,,,,,False
ecg_der__orthostatic_after__delta__hrv_time__SDNN_ms,input,ecg_derived,hrv_time,,,,,hrv_time__SDNN_ms,orthostatic_after,pairwise,delta,,delta,,,,,,,False
ecg_der__orthostatic_after__percent_delta__hrv_time__SDNN_ms,input,ecg_derived,hrv_time,,,,,hrv_time__SDNN_ms,orthostatic_after,pairwise,percent_delta,,percent_delta,,,,,,,False
ecg_der__orthostatic_after__ratio__hrv_time__SDNN_ms,input,ecg_derived,hrv_time,,,,,hrv_time__SDNN_ms,orthostatic_after,pairwise,ratio,,ratio,,,,,,,False
ecg_der__orthostatic_after__delta__hrv_time__RMSSD_ms,input,ecg_derived,hrv_time,,,,,hrv_time__RMSSD_ms,orthostatic_after,pairwise,delta,,delta,,,,,,,False
ecg_der__orthostatic_after__percent_delta__hrv_time__RMSSD_ms,input,ecg_derived,hrv_time,,,,,hrv_time__RMSSD_ms,orthostatic_after,pairwise,percent_delta,,percent_delta,,,,,,,False
ecg_der__orthostatic_after__ratio__hrv_time__RMSSD_ms,input,ecg_derived,hrv_time,,,,,hrv_time__RMSSD_ms,orthostatic_after,pairwise,ratio,,ratio,,,,,,,False
ecg_der__orthostatic_after__delta__hrv_time__pNN50_percent,input,ecg_derived,hrv_time,,,,,hrv_time__pNN50_percent,orthostatic_after,pairwise,delta,,delta,,,,,,,False
ecg_der__orthostatic_after__percent_delta__hrv_time__pNN50_percent,input,ecg_derived,hrv_time,,,,,hrv_time__pNN50_percent,orthostatic_after,pairwise,percent_delta,,percent_delta,,,,,,,False
ecg_der__orthostatic_after__ratio__hrv_time__pNN50_percent,input,ecg_derived,hrv_time,,,,,hrv_time__pNN50_percent,orthostatic_after,pairwise,ratio,,ratio,,,,,,,False
ecg_der__orthostatic_after__delta__hrv_freq__LF_power,input,ecg_derived,hrv_freq,,,,,hrv_freq__LF_power,orthostatic_after,pairwise,delta,,delta,,,,,,,False
ecg_der__orthostatic_after__percent_delta__hrv_freq__LF_power,input,ecg_derived,hrv_freq,,,,,hrv_freq__LF_power,orthostatic_after,pairwise,percent_delta,,percent_delta,,,,,,,False
ecg_der__orthostatic_after__ratio__hrv_freq__LF_power,input,ecg_derived,hrv_freq,,,,,hrv_freq__LF_power,orthostatic_after,pairwise,ratio,,ratio,,,,,,,False
ecg_der__orthostatic_after__delta__hrv_freq__HF_power,input,ecg_derived,hrv_freq,,,,,hrv_freq__HF_power,orthostatic_after,pairwise,delta,,delta,,,,,,,False
ecg_der__orthostatic_after__percent_delta__hrv_freq__HF_power,input,ecg_derived,hrv_freq,,,,,hrv_freq__HF_power,orthostatic_after,pairwise,percent_delta,,percent_delta,,,,,,,False
ecg_der__orthostatic_after__ratio__hrv_freq__HF_power,input,ecg_derived,hrv_freq,,,,,hrv_freq__HF_power,orthostatic_after,pairwise,ratio,,ratio,,,,,,,False
ecg_der__orthostatic_after__delta__hrv_freq__LF_HF_ratio,input,ecg_derived,hrv_freq,,,,,hrv_freq__LF_HF_ratio,orthostatic_after,pairwise,delta,,delta,,,,,,,False
ecg_der__orthostatic_after__percent_delta__hrv_freq__LF_HF_ratio,input,ecg_derived,hrv_freq,,,,,hrv_freq__LF_HF_ratio,orthostatic_after,pairwise,percent_delta,,percent_delta,,,,,,,False
ecg_der__orthostatic_after__ratio__hrv_freq__LF_HF_ratio,input,ecg_derived,hrv_freq,,,,,hrv_freq__LF_HF_ratio,orthostatic_after,pairwise,ratio,,ratio,,,,,,,False
ecg_der__training_response__delta__hrv_freq__HF_nu,input,ecg_derived,hrv_freq,,,,,hrv_freq__HF_nu,training_response,pairwise,delta,,delta,,,,,,,False
ecg_der__training_response__percent_delta__hrv_freq__HF_nu,input,ecg_derived,hrv_freq,,,,,hrv_freq__HF_nu,training_response,pairwise,percent_delta,,percent_delta,,,,,,,False
ecg_der__training_response__delta__hrv_freq__HF_peak_Hz,input,ecg_derived,hrv_freq,,,,,hrv_freq__HF_peak_Hz,training_response,pairwise,delta,,delta,,,,,,,False
ecg_der__training_response__percent_delta__hrv_freq__HF_peak_Hz,input,ecg_derived,hrv_freq,,,,,hrv_freq__HF_peak_Hz,training_response,pairwise,percent_delta,,percent_delta,,,,,,,False
ecg_der__training_response__delta__hrv_freq__HF_power,input,ecg_derived,hrv_freq,,,,,hrv_freq__HF_power,training_response,pairwise,delta,,delta,,,,,,,False
ecg_der__training_response__percent_delta__hrv_freq__HF_power,input,ecg_derived,hrv_freq,,,,,hrv_freq__HF_power,training_response,pairwise,percent_delta,,percent_delta,,,,,,,False
ecg_der__training_response__delta__hrv_freq__LF_HF_ratio,input,ecg_derived,hrv_freq,,,,,hrv_freq__LF_HF_ratio,training_response,pairwise,delta,,delta,,,,,,,False
ecg_der__training_response__percent_delta__hrv_freq__LF_HF_ratio,input,ecg_derived,hrv_freq,,,,,hrv_freq__LF_HF_ratio,training_response,pairwise,percent_delta,,percent_delta,,,,,,,False
ecg_der__training_response__delta__hrv_freq__LF_nu,input,ecg_derived,hrv_freq,,,,,hrv_freq__LF_nu,training_response,pairwise,delta,,delta,,,,,,,False
ecg_der__training_response__percent_delta__hrv_freq__LF_nu,input,ecg_derived,hrv_freq,,,,,hrv_freq__LF_nu,training_response,pairwise,percent_delta,,percent_delta,,,,,,,False
ecg_der__training_response__delta__hrv_freq__LF_peak_Hz,input,ecg_derived,hrv_freq,,,,,hrv_freq__LF_peak_Hz,training_response,pairwise,delta,,delta,,,,,,,False
ecg_der__training_response__percent_delta__hrv_freq__LF_peak_Hz,input,ecg_derived,hrv_freq,,,,,hrv_freq__LF_peak_Hz,training_response,pairwise,percent_delta,,percent_delta,,,,,,,False
ecg_der__training_response__delta__hrv_freq__LF_power,input,ecg_derived,hrv_freq,,,,,hrv_freq__LF_power,training_response,pairwise,delta,,delta,,,,,,,False
ecg_der__training_response__percent_delta__hrv_freq__LF_power,input,ecg_derived,hrv_freq,,,,,hrv_freq__LF_power,training_response,pairwise,percent_delta,,percent_delta,,,,,,,False
ecg_der__training_response__delta__hrv_freq__Total_power,input,ecg_derived,hrv_freq,,,,,hrv_freq__Total_power,training_response,pairwise,delta,,delta,,,,,,,False
ecg_der__training_response__percent_delta__hrv_freq__Total_power,input,ecg_derived,hrv_freq,,,,,hrv_freq__Total_power,training_response,pairwise,percent_delta,,percent_delta,,,,,,,False
ecg_der__training_response__delta__hrv_freq__VLF_power,input,ecg_derived,hrv_freq,,,,,hrv_freq__VLF_power,training_response,pairwise,delta,,delta,,,,,,,False
ecg_der__training_response__percent_delta__hrv_freq__VLF_power,input,ecg_derived,hrv_freq,,,,,hrv_freq__VLF_power,training_response,pairwise,percent_delta,,percent_delta,,,,,,,False
ecg_der__training_response__delta__hrv_nonlinear__ApproxEntropy,input,ecg_derived,hrv_nonlinear,,,,,hrv_nonlinear__ApproxEntropy,training_response,pairwise,delta,,delta,,,,,,,False
ecg_der__training_response__percent_delta__hrv_nonlinear__ApproxEntropy,input,ecg_derived,hrv_nonlinear,,,,,hrv_nonlinear__ApproxEntropy,training_response,pairwise,percent_delta,,percent_delta,,,,,,,False
ecg_der__training_response__delta__hrv_nonlinear__DFA_alpha1,input,ecg_derived,hrv_nonlinear,,,,,hrv_nonlinear__DFA_alpha1,training_response,pairwise,delta,,delta,,,,,,,False
ecg_der__training_response__percent_delta__hrv_nonlinear__DFA_alpha1,input,ecg_derived,hrv_nonlinear,,,,,hrv_nonlinear__DFA_alpha1,training_response,pairwise,percent_delta,,percent_delta,,,,,,,False
ecg_der__training_response__delta__hrv_nonlinear__DFA_alpha2,input,ecg_derived,hrv_nonlinear,,,,,hrv_nonlinear__DFA_alpha2,training_response,pairwise,delta,,delta,,,,,,,False
ecg_der__training_response__percent_delta__hrv_nonlinear__DFA_alpha2,input,ecg_derived,hrv_nonlinear,,,,,hrv_nonlinear__DFA_alpha2,training_response,pairwise,percent_delta,,percent_delta,,,,,,,False
ecg_der__training_response__delta__hrv_nonlinear__Ellipse_area,input,ecg_derived,hrv_nonlinear,,,,,hrv_nonlinear__Ellipse_area,training_response,pairwise,delta,,delta,,,,,,,False
ecg_der__training_response__percent_delta__hrv_nonlinear__Ellipse_area,input,ecg_derived,hrv_nonlinear,,,,,hrv_nonlinear__Ellipse_area,training_response,pairwise,percent_delta,,percent_delta,,,,,,,False
ecg_der__training_response__delta__hrv_nonlinear__FractalDimension,input,ecg_derived,hrv_nonlinear,,,,,hrv_nonlinear__FractalDimension,training_response,pairwise,delta,,delta,,,,,,,False
ecg_der__training_response__percent_delta__hrv_nonlinear__FractalDimension,input,ecg_derived,hrv_nonlinear,,,,,hrv_nonlinear__FractalDimension,training_response,pairwise,percent_delta,,percent_delta,,,,,,,False
ecg_der__training_response__delta__hrv_nonlinear__SD1_SD2_ratio,input,ecg_derived,hrv_nonlinear,,,,,hrv_nonlinear__SD1_SD2_ratio,training_response,pairwise,delta,,delta,,,,,,,False
ecg_der__training_response__percent_delta__hrv_nonlinear__SD1_SD2_ratio,input,ecg_derived,hrv_nonlinear,,,,,hrv_nonlinear__SD1_SD2_ratio,training_response,pairwise,percent_delta,,percent_delta,,,,,,,False
ecg_der__training_response__delta__hrv_nonlinear__SD1_ms,input,ecg_derived,hrv_nonlinear,,,,,hrv_nonlinear__SD1_ms,training_response,pairwise,delta,,delta,,,,,,,False
ecg_der__training_response__percent_delta__hrv_nonlinear__SD1_ms,input,ecg_derived,hrv_nonlinear,,,,,hrv_nonlinear__SD1_ms,training_response,pairwise,percent_delta,,percent_delta,,,,,,,False
ecg_der__training_response__delta__hrv_nonlinear__SD2_ms,input,ecg_derived,hrv_nonlinear,,,,,hrv_nonlinear__SD2_ms,training_response,pairwise,delta,,delta,,,,,,,False
ecg_der__training_response__percent_delta__hrv_nonlinear__SD2_ms,input,ecg_derived,hrv_nonlinear,,,,,hrv_nonlinear__SD2_ms,training_response,pairwise,percent_delta,,percent_delta,,,,,,,False
ecg_der__training_response__delta__hrv_nonlinear__SampleEntropy,input,ecg_derived,hrv_nonlinear,,,,,hrv_nonlinear__SampleEntropy,training_response,pairwise,delta,,delta,,,,,,,False
ecg_der__training_response__percent_delta__hrv_nonlinear__SampleEntropy,input,ecg_derived,hrv_nonlinear,,,,,hrv_nonlinear__SampleEntropy,training_response,pairwise,percent_delta,,percent_delta,,,,,,,False
ecg_der__training_response__delta__hrv_nonlinear__ShannonEntropy,input,ecg_derived,hrv_nonlinear,,,,,hrv_nonlinear__ShannonEntropy,training_response,pairwise,delta,,delta,,,,,,,False
ecg_der__training_response__percent_delta__hrv_nonlinear__ShannonEntropy,input,ecg_derived,hrv_nonlinear,,,,,hrv_nonlinear__ShannonEntropy,training_response,pairwise,percent_delta,,percent_delta,,,,,,,False
ecg_der__training_response__delta__hrv_time__HR_max_bpm,input,ecg_derived,hrv_time,,,,,hrv_time__HR_max_bpm,training_response,pairwise,delta,,delta,,,,,,,False
ecg_der__training_response__percent_delta__hrv_time__HR_max_bpm,input,ecg_derived,hrv_time,,,,,hrv_time__HR_max_bpm,training_response,pairwise,percent_delta,,percent_delta,,,,,,,False
ecg_der__training_response__delta__hrv_time__HR_min_bpm,input,ecg_derived,hrv_time,,,,,hrv_time__HR_min_bpm,training_response,pairwise,delta,,delta,,,,,,,False
ecg_der__training_response__percent_delta__hrv_time__HR_min_bpm,input,ecg_derived,hrv_time,,,,,hrv_time__HR_min_bpm,training_response,pairwise,percent_delta,,percent_delta,,,,,,,False
ecg_der__training_response__delta__hrv_time__HR_std_bpm,input,ecg_derived,hrv_time,,,,,hrv_time__HR_std_bpm,training_response,pairwise,delta,,delta,,,,,,,False
ecg_der__training_response__percent_delta__hrv_time__HR_std_bpm,input,ecg_derived,hrv_time,,,,,hrv_time__HR_std_bpm,training_response,pairwise,percent_delta,,percent_delta,,,,,,,False
ecg_der__training_response__delta__hrv_time__MeanHR_bpm,input,ecg_derived,hrv_time,,,,,hrv_time__MeanHR_bpm,training_response,pairwise,delta,,delta,,,,,,,False
ecg_der__training_response__percent_delta__hrv_time__MeanHR_bpm,input,ecg_derived,hrv_time,,,,,hrv_time__MeanHR_bpm,training_response,pairwise,percent_delta,,percent_delta,,,,,,,False
ecg_der__training_response__delta__hrv_time__MeanNN_ms,input,ecg_derived,hrv_time,,,,,hrv_time__MeanNN_ms,training_response,pairwise,delta,,delta,,,,,,,False
ecg_der__training_response__percent_delta__hrv_time__MeanNN_ms,input,ecg_derived,hrv_time,,,,,hrv_time__MeanNN_ms,training_response,pairwise,percent_delta,,percent_delta,,,,,,,False
ecg_der__training_response__delta__hrv_time__MedianNN_ms,input,ecg_derived,hrv_time,,,,,hrv_time__MedianNN_ms,training_response,pairwise,delta,,delta,,,,,,,False
ecg_der__training_response__percent_delta__hrv_time__MedianNN_ms,input,ecg_derived,hrv_time,,,,,hrv_time__MedianNN_ms,training_response,pairwise,percent_delta,,percent_delta,,,,,,,False
ecg_der__training_response__delta__hrv_time__NN_max_ms,input,ecg_derived,hrv_time,,,,,hrv_time__NN_max_ms,training_response,pairwise,delta,,delta,,,,,,,False
ecg_der__training_response__percent_delta__hrv_time__NN_max_ms,input,ecg_derived,hrv_time,,,,,hrv_time__NN_max_ms,training_response,pairwise,percent_delta,,percent_delta,,,,,,,False
ecg_der__training_response__delta__hrv_time__NN_min_ms,input,ecg_derived,hrv_time,,,,,hrv_time__NN_min_ms,training_response,pairwise,delta,,delta,,,,,,,False
ecg_der__training_response__percent_delta__hrv_time__NN_min_ms,input,ecg_derived,hrv_time,,,,,hrv_time__NN_min_ms,training_response,pairwise,percent_delta,,percent_delta,,,,,,,False
ecg_der__training_response__delta__hrv_time__NN_range_ms,input,ecg_derived,hrv_time,,,,,hrv_time__NN_range_ms,training_response,pairwise,delta,,delta,,,,,,,False
ecg_der__training_response__percent_delta__hrv_time__NN_range_ms,input,ecg_derived,hrv_time,,,,,hrv_time__NN_range_ms,training_response,pairwise,percent_delta,,percent_delta,,,,,,,False
ecg_der__training_response__delta__hrv_time__RMSSD_ms,input,ecg_derived,hrv_time,,,,,hrv_time__RMSSD_ms,training_response,pairwise,delta,,delta,,,,,,,False
ecg_der__training_response__percent_delta__hrv_time__RMSSD_ms,input,ecg_derived,hrv_time,,,,,hrv_time__RMSSD_ms,training_response,pairwise,percent_delta,,percent_delta,,,,,,,False
ecg_der__training_response__delta__hrv_time__SDNN_ms,input,ecg_derived,hrv_time,,,,,hrv_time__SDNN_ms,training_response,pairwise,delta,,delta,,,,,,,False
ecg_der__training_response__percent_delta__hrv_time__SDNN_ms,input,ecg_derived,hrv_time,,,,,hrv_time__SDNN_ms,training_response,pairwise,percent_delta,,percent_delta,,,,,,,False
ecg_der__training_response__delta__hrv_time__SDSD_ms,input,ecg_derived,hrv_time,,,,,hrv_time__SDSD_ms,training_response,pairwise,delta,,delta,,,,,,,False
ecg_der__training_response__percent_delta__hrv_time__SDSD_ms,input,ecg_derived,hrv_time,,,,,hrv_time__SDSD_ms,training_response,pairwise,percent_delta,,percent_delta,,,,,,,False
ecg_der__training_response__delta__hrv_time__pNN20_percent,input,ecg_derived,hrv_time,,,,,hrv_time__pNN20_percent,training_response,pairwise,delta,,delta,,,,,,,False
ecg_der__training_response__percent_delta__hrv_time__pNN20_percent,input,ecg_derived,hrv_time,,,,,hrv_time__pNN20_percent,training_response,pairwise,percent_delta,,percent_delta,,,,,,,False
ecg_der__training_response__delta__hrv_time__pNN50_percent,input,ecg_derived,hrv_time,,,,,hrv_time__pNN50_percent,training_response,pairwise,delta,,delta,,,,,,,False
ecg_der__training_response__percent_delta__hrv_time__pNN50_percent,input,ecg_derived,hrv_time,,,,,hrv_time__pNN50_percent,training_response,pairwise,percent_delta,,percent_delta,,,,,,,False
ecg_der__training_response__delta__morph_p__PR_interval_ms,input,ecg_derived,morph_p,,,,,morph_p__PR_interval_ms,training_response,pairwise,delta,,delta,,,,,,,False
ecg_der__training_response__percent_delta__morph_p__PR_interval_ms,input,ecg_derived,morph_p,,,,,morph_p__PR_interval_ms,training_response,pairwise,percent_delta,,percent_delta,,,,,,,False
ecg_der__training_response__delta__morph_p__PR_peak_interval_ms,input,ecg_derived,morph_p,,,,,morph_p__PR_peak_interval_ms,training_response,pairwise,delta,,delta,,,,,,,False
ecg_der__training_response__percent_delta__morph_p__PR_peak_interval_ms,input,ecg_derived,morph_p,,,,,morph_p__PR_peak_interval_ms,training_response,pairwise,percent_delta,,percent_delta,,,,,,,False
ecg_der__training_response__delta__morph_p__P_amp,input,ecg_derived,morph_p,,,,,morph_p__P_amp,training_response,pairwise,delta,,delta,,,,,,,False
ecg_der__training_response__percent_delta__morph_p__P_amp,input,ecg_derived,morph_p,,,,,morph_p__P_amp,training_response,pairwise,percent_delta,,percent_delta,,,,,,,False
ecg_der__training_response__delta__morph_p__P_area,input,ecg_derived,morph_p,,,,,morph_p__P_area,training_response,pairwise,delta,,delta,,,,,,,False
ecg_der__training_response__percent_delta__morph_p__P_area,input,ecg_derived,morph_p,,,,,morph_p__P_area,training_response,pairwise,percent_delta,,percent_delta,,,,,,,False
ecg_der__training_response__delta__morph_p__P_width_ms,input,ecg_derived,morph_p,,,,,morph_p__P_width_ms,training_response,pairwise,delta,,delta,,,,,,,False
ecg_der__training_response__percent_delta__morph_p__P_width_ms,input,ecg_derived,morph_p,,,,,morph_p__P_width_ms,training_response,pairwise,percent_delta,,percent_delta,,,,,,,False
ecg_der__training_response__delta__morph_qrs__Negative_area,input,ecg_derived,morph_qrs,,,,,morph_qrs__Negative_area,training_response,pairwise,delta,,delta,,,,,,,False
ecg_der__training_response__percent_delta__morph_qrs__Negative_area,input,ecg_derived,morph_qrs,,,,,morph_qrs__Negative_area,training_response,pairwise,percent_delta,,percent_delta,,,,,,,False
ecg_der__training_response__delta__morph_qrs__Positive_area,input,ecg_derived,morph_qrs,,,,,morph_qrs__Positive_area,training_response,pairwise,delta,,delta,,,,,,,False
ecg_der__training_response__percent_delta__morph_qrs__Positive_area,input,ecg_derived,morph_qrs,,,,,morph_qrs__Positive_area,training_response,pairwise,percent_delta,,percent_delta,,,,,,,False
ecg_der__training_response__delta__morph_qrs__QRS_area,input,ecg_derived,morph_qrs,,,,,morph_qrs__QRS_area,training_response,pairwise,delta,,delta,,,,,,,False
ecg_der__training_response__percent_delta__morph_qrs__QRS_area,input,ecg_derived,morph_qrs,,,,,morph_qrs__QRS_area,training_response,pairwise,percent_delta,,percent_delta,,,,,,,False
ecg_der__training_response__delta__morph_qrs__QRS_duration_ms,input,ecg_derived,morph_qrs,,,,,morph_qrs__QRS_duration_ms,training_response,pairwise,delta,,delta,,,,,,,False
ecg_der__training_response__percent_delta__morph_qrs__QRS_duration_ms,input,ecg_derived,morph_qrs,,,,,morph_qrs__QRS_duration_ms,training_response,pairwise,percent_delta,,percent_delta,,,,,,,False
ecg_der__training_response__delta__morph_qrs__QRS_left_width_ms,input,ecg_derived,morph_qrs,,,,,morph_qrs__QRS_left_width_ms,training_response,pairwise,delta,,delta,,,,,,,False
ecg_der__training_response__percent_delta__morph_qrs__QRS_left_width_ms,input,ecg_derived,morph_qrs,,,,,morph_qrs__QRS_left_width_ms,training_response,pairwise,percent_delta,,percent_delta,,,,,,,False
ecg_der__training_response__delta__morph_qrs__QRS_main_amp,input,ecg_derived,morph_qrs,,,,,morph_qrs__QRS_main_amp,training_response,pairwise,delta,,delta,,,,,,,False
ecg_der__training_response__percent_delta__morph_qrs__QRS_main_amp,input,ecg_derived,morph_qrs,,,,,morph_qrs__QRS_main_amp,training_response,pairwise,percent_delta,,percent_delta,,,,,,,False
ecg_der__training_response__delta__morph_qrs__QRS_right_width_ms,input,ecg_derived,morph_qrs,,,,,morph_qrs__QRS_right_width_ms,training_response,pairwise,delta,,delta,,,,,,,False
ecg_der__training_response__percent_delta__morph_qrs__QRS_right_width_ms,input,ecg_derived,morph_qrs,,,,,morph_qrs__QRS_right_width_ms,training_response,pairwise,percent_delta,,percent_delta,,,,,,,False
ecg_der__training_response__delta__morph_qrs__QRS_width_20_ms,input,ecg_derived,morph_qrs,,,,,morph_qrs__QRS_width_20_ms,training_response,pairwise,delta,,delta,,,,,,,False
ecg_der__training_response__percent_delta__morph_qrs__QRS_width_20_ms,input,ecg_derived,morph_qrs,,,,,morph_qrs__QRS_width_20_ms,training_response,pairwise,percent_delta,,percent_delta,,,,,,,False
ecg_der__training_response__delta__morph_qrs__QRS_width_ms,input,ecg_derived,morph_qrs,,,,,morph_qrs__QRS_width_ms,training_response,pairwise,delta,,delta,,,,,,,False
ecg_der__training_response__percent_delta__morph_qrs__QRS_width_ms,input,ecg_derived,morph_qrs,,,,,morph_qrs__QRS_width_ms,training_response,pairwise,percent_delta,,percent_delta,,,,,,,False
ecg_der__training_response__delta__morph_qrs__Q_amp,input,ecg_derived,morph_qrs,,,,,morph_qrs__Q_amp,training_response,pairwise,delta,,delta,,,,,,,False
ecg_der__training_response__percent_delta__morph_qrs__Q_amp,input,ecg_derived,morph_qrs,,,,,morph_qrs__Q_amp,training_response,pairwise,percent_delta,,percent_delta,,,,,,,False
ecg_der__training_response__delta__morph_qrs__RQ_interval_ms,input,ecg_derived,morph_qrs,,,,,morph_qrs__RQ_interval_ms,training_response,pairwise,delta,,delta,,,,,,,False
ecg_der__training_response__percent_delta__morph_qrs__RQ_interval_ms,input,ecg_derived,morph_qrs,,,,,morph_qrs__RQ_interval_ms,training_response,pairwise,percent_delta,,percent_delta,,,,,,,False
ecg_der__training_response__delta__morph_qrs__RS_amp,input,ecg_derived,morph_qrs,,,,,morph_qrs__RS_amp,training_response,pairwise,delta,,delta,,,,,,,False
ecg_der__training_response__percent_delta__morph_qrs__RS_amp,input,ecg_derived,morph_qrs,,,,,morph_qrs__RS_amp,training_response,pairwise,percent_delta,,percent_delta,,,,,,,False
ecg_der__training_response__delta__morph_qrs__RS_interval_ms,input,ecg_derived,morph_qrs,,,,,morph_qrs__RS_interval_ms,training_response,pairwise,delta,,delta,,,,,,,False
ecg_der__training_response__percent_delta__morph_qrs__RS_interval_ms,input,ecg_derived,morph_qrs,,,,,morph_qrs__RS_interval_ms,training_response,pairwise,percent_delta,,percent_delta,,,,,,,False
ecg_der__training_response__delta__morph_qrs__R_down_slope,input,ecg_derived,morph_qrs,,,,,morph_qrs__R_down_slope,training_response,pairwise,delta,,delta,,,,,,,False
ecg_der__training_response__percent_delta__morph_qrs__R_down_slope,input,ecg_derived,morph_qrs,,,,,morph_qrs__R_down_slope,training_response,pairwise,percent_delta,,percent_delta,,,,,,,False
ecg_der__training_response__delta__morph_qrs__R_up_slope,input,ecg_derived,morph_qrs,,,,,morph_qrs__R_up_slope,training_response,pairwise,delta,,delta,,,,,,,False
ecg_der__training_response__percent_delta__morph_qrs__R_up_slope,input,ecg_derived,morph_qrs,,,,,morph_qrs__R_up_slope,training_response,pairwise,percent_delta,,percent_delta,,,,,,,False
ecg_der__training_response__delta__morph_qrs__R_width_half_ms,input,ecg_derived,morph_qrs,,,,,morph_qrs__R_width_half_ms,training_response,pairwise,delta,,delta,,,,,,,False
ecg_der__training_response__percent_delta__morph_qrs__R_width_half_ms,input,ecg_derived,morph_qrs,,,,,morph_qrs__R_width_half_ms,training_response,pairwise,percent_delta,,percent_delta,,,,,,,False
ecg_der__training_response__delta__morph_qrs__S_amp,input,ecg_derived,morph_qrs,,,,,morph_qrs__S_amp,training_response,pairwise,delta,,delta,,,,,,,False
ecg_der__training_response__percent_delta__morph_qrs__S_amp,input,ecg_derived,morph_qrs,,,,,morph_qrs__S_amp,training_response,pairwise,percent_delta,,percent_delta,,,,,,,False
ecg_der__training_response__delta__morph_t__QT_like_ms,input,ecg_derived,morph_t,,,,,morph_t__QT_like_ms,training_response,pairwise,delta,,delta,,,,,,,False
ecg_der__training_response__percent_delta__morph_t__QT_like_ms,input,ecg_derived,morph_t,,,,,morph_t__QT_like_ms,training_response,pairwise,percent_delta,,percent_delta,,,,,,,False
ecg_der__training_response__delta__morph_t__RT_interval_ms,input,ecg_derived,morph_t,,,,,morph_t__RT_interval_ms,training_response,pairwise,delta,,delta,,,,,,,False
ecg_der__training_response__percent_delta__morph_t__RT_interval_ms,input,ecg_derived,morph_t,,,,,morph_t__RT_interval_ms,training_response,pairwise,percent_delta,,percent_delta,,,,,,,False
ecg_der__training_response__delta__morph_t__T_amp,input,ecg_derived,morph_t,,,,,morph_t__T_amp,training_response,pairwise,delta,,delta,,,,,,,False
ecg_der__training_response__percent_delta__morph_t__T_amp,input,ecg_derived,morph_t,,,,,morph_t__T_amp,training_response,pairwise,percent_delta,,percent_delta,,,,,,,False
ecg_der__training_response__delta__morph_t__T_area,input,ecg_derived,morph_t,,,,,morph_t__T_area,training_response,pairwise,delta,,delta,,,,,,,False
ecg_der__training_response__percent_delta__morph_t__T_area,input,ecg_derived,morph_t,,,,,morph_t__T_area,training_response,pairwise,percent_delta,,percent_delta,,,,,,,False
ecg_der__training_response__delta__morph_t__T_peak_interval_ms,input,ecg_derived,morph_t,,,,,morph_t__T_peak_interval_ms,training_response,pairwise,delta,,delta,,,,,,,False
ecg_der__training_response__percent_delta__morph_t__T_peak_interval_ms,input,ecg_derived,morph_t,,,,,morph_t__T_peak_interval_ms,training_response,pairwise,percent_delta,,percent_delta,,,,,,,False
ecg_der__training_response__delta__morph_t__T_width_ms,input,ecg_derived,morph_t,,,,,morph_t__T_width_ms,training_response,pairwise,delta,,delta,,,,,,,False
ecg_der__training_response__percent_delta__morph_t__T_width_ms,input,ecg_derived,morph_t,,,,,morph_t__T_width_ms,training_response,pairwise,percent_delta,,percent_delta,,,,,,,False
ecg_der__training_response_hrv_ratio__ratio__hrv_time__MeanHR_bpm,input,ecg_derived,hrv_time,,,,,hrv_time__MeanHR_bpm,training_response_hrv_ratio,pairwise,ratio,,ratio,,,,,,,False
ecg_der__training_response_hrv_ratio__log_ratio__hrv_time__MeanHR_bpm,input,ecg_derived,hrv_time,,,,,hrv_time__MeanHR_bpm,training_response_hrv_ratio,pairwise,log_ratio,,log_ratio,,,,,,,False
ecg_der__training_response_hrv_ratio__ratio__hrv_time__MeanNN_ms,input,ecg_derived,hrv_time,,,,,hrv_time__MeanNN_ms,training_response_hrv_ratio,pairwise,ratio,,ratio,,,,,,,False
ecg_der__training_response_hrv_ratio__log_ratio__hrv_time__MeanNN_ms,input,ecg_derived,hrv_time,,,,,hrv_time__MeanNN_ms,training_response_hrv_ratio,pairwise,log_ratio,,log_ratio,,,,,,,False
ecg_der__training_response_hrv_ratio__ratio__hrv_time__SDNN_ms,input,ecg_derived,hrv_time,,,,,hrv_time__SDNN_ms,training_response_hrv_ratio,pairwise,ratio,,ratio,,,,,,,False
ecg_der__training_response_hrv_ratio__log_ratio__hrv_time__SDNN_ms,input,ecg_derived,hrv_time,,,,,hrv_time__SDNN_ms,training_response_hrv_ratio,pairwise,log_ratio,,log_ratio,,,,,,,False
ecg_der__training_response_hrv_ratio__ratio__hrv_time__RMSSD_ms,input,ecg_derived,hrv_time,,,,,hrv_time__RMSSD_ms,training_response_hrv_ratio,pairwise,ratio,,ratio,,,,,,,False
ecg_der__training_response_hrv_ratio__log_ratio__hrv_time__RMSSD_ms,input,ecg_derived,hrv_time,,,,,hrv_time__RMSSD_ms,training_response_hrv_ratio,pairwise,log_ratio,,log_ratio,,,,,,,False
ecg_der__training_response_hrv_ratio__ratio__hrv_time__pNN50_percent,input,ecg_derived,hrv_time,,,,,hrv_time__pNN50_percent,training_response_hrv_ratio,pairwise,ratio,,ratio,,,,,,,False
ecg_der__training_response_hrv_ratio__log_ratio__hrv_time__pNN50_percent,input,ecg_derived,hrv_time,,,,,hrv_time__pNN50_percent,training_response_hrv_ratio,pairwise,log_ratio,,log_ratio,,,,,,,False
ecg_der__training_response_hrv_ratio__ratio__hrv_freq__LF_power,input,ecg_derived,hrv_freq,,,,,hrv_freq__LF_power,training_response_hrv_ratio,pairwise,ratio,,ratio,,,,,,,False
ecg_der__training_response_hrv_ratio__log_ratio__hrv_freq__LF_power,input,ecg_derived,hrv_freq,,,,,hrv_freq__LF_power,training_response_hrv_ratio,pairwise,log_ratio,,log_ratio,,,,,,,False
ecg_der__training_response_hrv_ratio__ratio__hrv_freq__HF_power,input,ecg_derived,hrv_freq,,,,,hrv_freq__HF_power,training_response_hrv_ratio,pairwise,ratio,,ratio,,,,,,,False
ecg_der__training_response_hrv_ratio__log_ratio__hrv_freq__HF_power,input,ecg_derived,hrv_freq,,,,,hrv_freq__HF_power,training_response_hrv_ratio,pairwise,log_ratio,,log_ratio,,,,,,,False
ecg_der__training_response_hrv_ratio__ratio__hrv_freq__LF_HF_ratio,input,ecg_derived,hrv_freq,,,,,hrv_freq__LF_HF_ratio,training_response_hrv_ratio,pairwise,ratio,,ratio,,,,,,,False
ecg_der__training_response_hrv_ratio__log_ratio__hrv_freq__LF_HF_ratio,input,ecg_derived,hrv_freq,,,,,hrv_freq__LF_HF_ratio,training_response_hrv_ratio,pairwise,log_ratio,,log_ratio,,,,,,,False
ecg_der__breath_in_response_before__delta__hrv_time__MeanHR_bpm,input,ecg_derived,hrv_time,,,,,hrv_time__MeanHR_bpm,breath_in_response_before,pairwise,delta,,delta,,,,,,,False
ecg_der__breath_in_response_before__percent_delta__hrv_time__MeanHR_bpm,input,ecg_derived,hrv_time,,,,,hrv_time__MeanHR_bpm,breath_in_response_before,pairwise,percent_delta,,percent_delta,,,,,,,False
ecg_der__breath_in_response_before__delta__hrv_time__MeanNN_ms,input,ecg_derived,hrv_time,,,,,hrv_time__MeanNN_ms,breath_in_response_before,pairwise,delta,,delta,,,,,,,False
ecg_der__breath_in_response_before__percent_delta__hrv_time__MeanNN_ms,input,ecg_derived,hrv_time,,,,,hrv_time__MeanNN_ms,breath_in_response_before,pairwise,percent_delta,,percent_delta,,,,,,,False
ecg_der__breath_in_response_before__delta__hrv_time__SDNN_ms,input,ecg_derived,hrv_time,,,,,hrv_time__SDNN_ms,breath_in_response_before,pairwise,delta,,delta,,,,,,,False
ecg_der__breath_in_response_before__percent_delta__hrv_time__SDNN_ms,input,ecg_derived,hrv_time,,,,,hrv_time__SDNN_ms,breath_in_response_before,pairwise,percent_delta,,percent_delta,,,,,,,False
ecg_der__breath_in_response_before__delta__hrv_time__RMSSD_ms,input,ecg_derived,hrv_time,,,,,hrv_time__RMSSD_ms,breath_in_response_before,pairwise,delta,,delta,,,,,,,False
ecg_der__breath_in_response_before__percent_delta__hrv_time__RMSSD_ms,input,ecg_derived,hrv_time,,,,,hrv_time__RMSSD_ms,breath_in_response_before,pairwise,percent_delta,,percent_delta,,,,,,,False
ecg_der__breath_in_response_before__delta__hrv_time__pNN50_percent,input,ecg_derived,hrv_time,,,,,hrv_time__pNN50_percent,breath_in_response_before,pairwise,delta,,delta,,,,,,,False
ecg_der__breath_in_response_before__percent_delta__hrv_time__pNN50_percent,input,ecg_derived,hrv_time,,,,,hrv_time__pNN50_percent,breath_in_response_before,pairwise,percent_delta,,percent_delta,,,,,,,False
ecg_der__breath_in_response_before__delta__hrv_freq__LF_power,input,ecg_derived,hrv_freq,,,,,hrv_freq__LF_power,breath_in_response_before,pairwise,delta,,delta,,,,,,,False
ecg_der__breath_in_response_before__percent_delta__hrv_freq__LF_power,input,ecg_derived,hrv_freq,,,,,hrv_freq__LF_power,breath_in_response_before,pairwise,percent_delta,,percent_delta,,,,,,,False
ecg_der__breath_in_response_before__delta__hrv_freq__HF_power,input,ecg_derived,hrv_freq,,,,,hrv_freq__HF_power,breath_in_response_before,pairwise,delta,,delta,,,,,,,False
ecg_der__breath_in_response_before__percent_delta__hrv_freq__HF_power,input,ecg_derived,hrv_freq,,,,,hrv_freq__HF_power,breath_in_response_before,pairwise,percent_delta,,percent_delta,,,,,,,False
ecg_der__breath_in_response_before__delta__hrv_freq__LF_HF_ratio,input,ecg_derived,hrv_freq,,,,,hrv_freq__LF_HF_ratio,breath_in_response_before,pairwise,delta,,delta,,,,,,,False
ecg_der__breath_in_response_before__percent_delta__hrv_freq__LF_HF_ratio,input,ecg_derived,hrv_freq,,,,,hrv_freq__LF_HF_ratio,breath_in_response_before,pairwise,percent_delta,,percent_delta,,,,,,,False
ecg_der__orthostatic_training_response__delta_to_delta__hrv_time__MeanHR_bpm,input,ecg_derived,hrv_time,,,,,hrv_time__MeanHR_bpm,orthostatic_training_response,pairwise_derived,delta,delta,delta_to_delta,,,,,,,False
ecg_der__orthostatic_training_response__percent_delta_to_delta__hrv_time__MeanHR_bpm,input,ecg_derived,hrv_time,,,,,hrv_time__MeanHR_bpm,orthostatic_training_response,pairwise_derived,delta,percent_delta,percent_delta_to_delta,,,,,,,False
ecg_der__orthostatic_training_response__ratio_to_delta__hrv_time__MeanHR_bpm,input,ecg_derived,hrv_time,,,,,hrv_time__MeanHR_bpm,orthostatic_training_response,pairwise_derived,delta,ratio,ratio_to_delta,,,,,,,False
ecg_der__orthostatic_training_response__delta_to_delta__hrv_time__MeanNN_ms,input,ecg_derived,hrv_time,,,,,hrv_time__MeanNN_ms,orthostatic_training_response,pairwise_derived,delta,delta,delta_to_delta,,,,,,,False
ecg_der__orthostatic_training_response__percent_delta_to_delta__hrv_time__MeanNN_ms,input,ecg_derived,hrv_time,,,,,hrv_time__MeanNN_ms,orthostatic_training_response,pairwise_derived,delta,percent_delta,percent_delta_to_delta,,,,,,,False
ecg_der__orthostatic_training_response__ratio_to_delta__hrv_time__MeanNN_ms,input,ecg_derived,hrv_time,,,,,hrv_time__MeanNN_ms,orthostatic_training_response,pairwise_derived,delta,ratio,ratio_to_delta,,,,,,,False
ecg_der__orthostatic_training_response__delta_to_delta__hrv_time__SDNN_ms,input,ecg_derived,hrv_time,,,,,hrv_time__SDNN_ms,orthostatic_training_response,pairwise_derived,delta,delta,delta_to_delta,,,,,,,False
ecg_der__orthostatic_training_response__percent_delta_to_delta__hrv_time__SDNN_ms,input,ecg_derived,hrv_time,,,,,hrv_time__SDNN_ms,orthostatic_training_response,pairwise_derived,delta,percent_delta,percent_delta_to_delta,,,,,,,False
ecg_der__orthostatic_training_response__ratio_to_delta__hrv_time__SDNN_ms,input,ecg_derived,hrv_time,,,,,hrv_time__SDNN_ms,orthostatic_training_response,pairwise_derived,delta,ratio,ratio_to_delta,,,,,,,False
ecg_der__orthostatic_training_response__delta_to_delta__hrv_time__RMSSD_ms,input,ecg_derived,hrv_time,,,,,hrv_time__RMSSD_ms,orthostatic_training_response,pairwise_derived,delta,delta,delta_to_delta,,,,,,,False
ecg_der__orthostatic_training_response__percent_delta_to_delta__hrv_time__RMSSD_ms,input,ecg_derived,hrv_time,,,,,hrv_time__RMSSD_ms,orthostatic_training_response,pairwise_derived,delta,percent_delta,percent_delta_to_delta,,,,,,,False
ecg_der__orthostatic_training_response__ratio_to_delta__hrv_time__RMSSD_ms,input,ecg_derived,hrv_time,,,,,hrv_time__RMSSD_ms,orthostatic_training_response,pairwise_derived,delta,ratio,ratio_to_delta,,,,,,,False
ecg_der__orthostatic_training_response__delta_to_delta__hrv_time__pNN50_percent,input,ecg_derived,hrv_time,,,,,hrv_time__pNN50_percent,orthostatic_training_response,pairwise_derived,delta,delta,delta_to_delta,,,,,,,False
ecg_der__orthostatic_training_response__percent_delta_to_delta__hrv_time__pNN50_percent,input,ecg_derived,hrv_time,,,,,hrv_time__pNN50_percent,orthostatic_training_response,pairwise_derived,delta,percent_delta,percent_delta_to_delta,,,,,,,False
ecg_der__orthostatic_training_response__ratio_to_delta__hrv_time__pNN50_percent,input,ecg_derived,hrv_time,,,,,hrv_time__pNN50_percent,orthostatic_training_response,pairwise_derived,delta,ratio,ratio_to_delta,,,,,,,False
ecg_der__orthostatic_training_response__delta_to_delta__hrv_freq__LF_power,input,ecg_derived,hrv_freq,,,,,hrv_freq__LF_power,orthostatic_training_response,pairwise_derived,delta,delta,delta_to_delta,,,,,,,False
ecg_der__orthostatic_training_response__percent_delta_to_delta__hrv_freq__LF_power,input,ecg_derived,hrv_freq,,,,,hrv_freq__LF_power,orthostatic_training_response,pairwise_derived,delta,percent_delta,percent_delta_to_delta,,,,,,,False
ecg_der__orthostatic_training_response__ratio_to_delta__hrv_freq__LF_power,input,ecg_derived,hrv_freq,,,,,hrv_freq__LF_power,orthostatic_training_response,pairwise_derived,delta,ratio,ratio_to_delta,,,,,,,False
ecg_der__orthostatic_training_response__delta_to_delta__hrv_freq__HF_power,input,ecg_derived,hrv_freq,,,,,hrv_freq__HF_power,orthostatic_training_response,pairwise_derived,delta,delta,delta_to_delta,,,,,,,False
ecg_der__orthostatic_training_response__percent_delta_to_delta__hrv_freq__HF_power,input,ecg_derived,hrv_freq,,,,,hrv_freq__HF_power,orthostatic_training_response,pairwise_derived,delta,percent_delta,percent_delta_to_delta,,,,,,,False
ecg_der__orthostatic_training_response__ratio_to_delta__hrv_freq__HF_power,input,ecg_derived,hrv_freq,,,,,hrv_freq__HF_power,orthostatic_training_response,pairwise_derived,delta,ratio,ratio_to_delta,,,,,,,False
ecg_der__orthostatic_training_response__delta_to_delta__hrv_freq__LF_HF_ratio,input,ecg_derived,hrv_freq,,,,,hrv_freq__LF_HF_ratio,orthostatic_training_response,pairwise_derived,delta,delta,delta_to_delta,,,,,,,False
ecg_der__orthostatic_training_response__percent_delta_to_delta__hrv_freq__LF_HF_ratio,input,ecg_derived,hrv_freq,,,,,hrv_freq__LF_HF_ratio,orthostatic_training_response,pairwise_derived,delta,percent_delta,percent_delta_to_delta,,,,,,,False
ecg_der__orthostatic_training_response__ratio_to_delta__hrv_freq__LF_HF_ratio,input,ecg_derived,hrv_freq,,,,,hrv_freq__LF_HF_ratio,orthostatic_training_response,pairwise_derived,delta,ratio,ratio_to_delta,,,,,,,False
ecg_der__baseline_dev_sit_before__delta__hrv_time__MeanHR_bpm,input,ecg_derived,hrv_time,,,,,hrv_time__MeanHR_bpm,baseline_dev_sit_before,baseline_deviation,delta,,delta,,,,,,,False
ecg_der__baseline_dev_sit_before__robust_z__hrv_time__MeanHR_bpm,input,ecg_derived,hrv_time,,,,,hrv_time__MeanHR_bpm,baseline_dev_sit_before,baseline_deviation,robust_z,,robust_z,,,,,,,False
ecg_der__baseline_dev_sit_before__delta__hrv_time__MeanNN_ms,input,ecg_derived,hrv_time,,,,,hrv_time__MeanNN_ms,baseline_dev_sit_before,baseline_deviation,delta,,delta,,,,,,,False
ecg_der__baseline_dev_sit_before__robust_z__hrv_time__MeanNN_ms,input,ecg_derived,hrv_time,,,,,hrv_time__MeanNN_ms,baseline_dev_sit_before,baseline_deviation,robust_z,,robust_z,,,,,,,False
ecg_der__baseline_dev_sit_before__delta__hrv_time__SDNN_ms,input,ecg_derived,hrv_time,,,,,hrv_time__SDNN_ms,baseline_dev_sit_before,baseline_deviation,delta,,delta,,,,,,,False
ecg_der__baseline_dev_sit_before__robust_z__hrv_time__SDNN_ms,input,ecg_derived,hrv_time,,,,,hrv_time__SDNN_ms,baseline_dev_sit_before,baseline_deviation,robust_z,,robust_z,,,,,,,False
ecg_der__baseline_dev_sit_before__delta__hrv_time__RMSSD_ms,input,ecg_derived,hrv_time,,,,,hrv_time__RMSSD_ms,baseline_dev_sit_before,baseline_deviation,delta,,delta,,,,,,,False
ecg_der__baseline_dev_sit_before__robust_z__hrv_time__RMSSD_ms,input,ecg_derived,hrv_time,,,,,hrv_time__RMSSD_ms,baseline_dev_sit_before,baseline_deviation,robust_z,,robust_z,,,,,,,False
ecg_der__baseline_dev_sit_before__delta__hrv_time__pNN50_percent,input,ecg_derived,hrv_time,,,,,hrv_time__pNN50_percent,baseline_dev_sit_before,baseline_deviation,delta,,delta,,,,,,,False
ecg_der__baseline_dev_sit_before__robust_z__hrv_time__pNN50_percent,input,ecg_derived,hrv_time,,,,,hrv_time__pNN50_percent,baseline_dev_sit_before,baseline_deviation,robust_z,,robust_z,,,,,,,False
ecg_der__baseline_dev_sit_before__delta__hrv_freq__LF_power,input,ecg_derived,hrv_freq,,,,,hrv_freq__LF_power,baseline_dev_sit_before,baseline_deviation,delta,,delta,,,,,,,False
ecg_der__baseline_dev_sit_before__robust_z__hrv_freq__LF_power,input,ecg_derived,hrv_freq,,,,,hrv_freq__LF_power,baseline_dev_sit_before,baseline_deviation,robust_z,,robust_z,,,,,,,False
ecg_der__baseline_dev_sit_before__delta__hrv_freq__HF_power,input,ecg_derived,hrv_freq,,,,,hrv_freq__HF_power,baseline_dev_sit_before,baseline_deviation,delta,,delta,,,,,,,False
ecg_der__baseline_dev_sit_before__robust_z__hrv_freq__HF_power,input,ecg_derived,hrv_freq,,,,,hrv_freq__HF_power,baseline_dev_sit_before,baseline_deviation,robust_z,,robust_z,,,,,,,False
ecg_der__baseline_dev_sit_before__delta__hrv_freq__LF_HF_ratio,input,ecg_derived,hrv_freq,,,,,hrv_freq__LF_HF_ratio,baseline_dev_sit_before,baseline_deviation,delta,,delta,,,,,,,False
ecg_der__baseline_dev_sit_before__robust_z__hrv_freq__LF_HF_ratio,input,ecg_derived,hrv_freq,,,,,hrv_freq__LF_HF_ratio,baseline_dev_sit_before,baseline_deviation,robust_z,,robust_z,,,,,,,False
ctx__Sleep_hours,input,context_computed,context,,,,,Sleep_hours,,,,,,,,,,,,False
ctx__Day_Sleep_hours,input,context_computed,context,,,,,Day_Sleep_hours,,,,,,,,,,,,False
ctx__Sleep_qality,input,context_computed,context,,,,,Sleep_qality,,,,,,,,,,,,False
ctx__Difficulty_falling_asleep,input,context_computed,context,,,,,Difficulty_falling_asleep,,,,,,,,,,,,False
ctx__Fragmented_sleep,input,context_computed,context,,,,,Fragmented_sleep,,,,,,,,,,,,False
ctx__Undersleeped,input,context_computed,context,,,,,Undersleeped,,,,,,,,,,,,False
ctx__Oversleeped,input,context_computed,context,,,,,Oversleeped,,,,,,,,,,,,False
ctx__Wakeup_class,input,context_computed,context,,,,,Wakeup_class,,,,,,,,,,,,False
ctx__Morning_RHR,input,context_computed,context,,,,,Morning_RHR,,,,,,,,,,,,False
ctx__Stress,input,context_computed,context,,,,,Stress,,,,,,,,,,,,False
ctx__Cognitive_load,input,context_computed,context,,,,,Cognitive_load,,,,,,,,,,,,False
ctx__DOMS,input,context_computed,context,,,,,DOMS,,,,,,,,,,,,False
ctx__Fatigue_before,input,context_computed,context,,,,,Fatigue_before,,,,,,,,,,,,False
ctx__Muscle_fatigue_before,input,context_computed,context,,,,,Muscle_fatigue_before,,,,,,,,,,,,False
ctx__Cognitive_fatigue_before,input,context_computed,context,,,,,Cognitive_fatigue_before,,,,,,,,,,,,False
ctx__Wellbeing_before,input,context_computed,context,,,,,Wellbeing_before,,,,,,,,,,,,False
ctx__Motivation_before,input,context_computed,context,,,,,Motivation_before,,,,,,,,,,,,False
ctx__Desire_to_train,input,context_computed,context,,,,,Desire_to_train,,,,,,,,,,,,False
ctx__subjective_strain_before,input,context_computed,context,,,,,subjective_strain_before,,,,,,,,,,,,False
ctx__readiness_before,input,context_computed,context,,,,,readiness_before,,,,,,,,,,,,False
ctx__Pressure_sys_before,input,context_computed,context,,,,,Pressure_sys_before,,,,,,,,,,,,False
ctx__Pressure_dia_before,input,context_computed,context,,,,,Pressure_dia_before,,,,,,,,,,,,False
ctx__PulsePressure_before,input,context_computed,context,,,,,PulsePressure_before,,,,,,,,,,,,False
ctx__MAP_before,input,context_computed,context,,,,,MAP_before,,,,,,,,,,,,False
ctx__RHR_before,input,context_computed,context,,,,,RHR_before,,,,,,,,,,,,False
ctx__Reaction_time_before_ms,input,context_computed,context,,,,,Reaction_time_before_ms,,,,,,,,,,,,False
ctx__train_minutes,input,context_computed,context,,,,,train_minutes,,,,,,,,,,,,False
ctx__RPE,input,context_computed,context,,,,,RPE,,,,,,,,,,,,False
ctx__HR_avg,input,context_computed,context,,,,,HR_avg,,,,,,,,,,,,False
ctx__sRPE_load,input,context_computed,context,,,,,sRPE_load,,,,,,,,,,,,False
ctx__zone_weighted_load,input,context_computed,context,,,,,zone_weighted_load,,,,,,,,,,,,False
ctx__zone_avg_intensity,input,context_computed,context,,,,,zone_avg_intensity,,,,,,,,,,,,False
ctx__moderate_plus_minutes,input,context_computed,context,,,,,moderate_plus_minutes,,,,,,,,,,,,False
ctx__high_intensity_minutes,input,context_computed,context,,,,,high_intensity_minutes,,,,,,,,,,,,False
ctx__high_intensity_ratio,input,context_computed,context,,,,,high_intensity_ratio,,,,,,,,,,,,False
ctx_der__subjective_before_after_response__delta__Fatigue,input,context_derived,context,,,,,Fatigue,subjective_before_after_response,pairwise_columns,delta,,delta,,,,,,,False
ctx_der__subjective_before_after_response__delta__Sleepness,input,context_derived,context,,,,,Sleepness,subjective_before_after_response,pairwise_columns,delta,,delta,,,,,,,False
ctx_der__subjective_before_after_response__delta__Motivation,input,context_derived,context,,,,,Motivation,subjective_before_after_response,pairwise_columns,delta,,delta,,,,,,,False
ctx_der__subjective_before_after_response__delta__Headache,input,context_derived,context,,,,,Headache,subjective_before_after_response,pairwise_columns,delta,,delta,,,,,,,False
ctx_der__subjective_before_after_response__delta__Irritability,input,context_derived,context,,,,,Irritability,subjective_before_after_response,pairwise_columns,delta,,delta,,,,,,,False
ctx_der__subjective_before_after_response__delta__Pain,input,context_derived,context,,,,,Pain,subjective_before_after_response,pairwise_columns,delta,,delta,,,,,,,False
ctx_der__subjective_before_after_response__delta__Sikness,input,context_derived,context,,,,,Sikness,subjective_before_after_response,pairwise_columns,delta,,delta,,,,,,,False
ctx_der__subjective_before_after_response__delta__Slakness,input,context_derived,context,,,,,Slakness,subjective_before_after_response,pairwise_columns,delta,,delta,,,,,,,False
ctx_der__subjective_before_after_response__delta__Muscle_aches,input,context_derived,context,,,,,Muscle_aches,subjective_before_after_response,pairwise_columns,delta,,delta,,,,,,,False
ctx_der__subjective_before_after_response__delta__Muscle_fatigue,input,context_derived,context,,,,,Muscle_fatigue,subjective_before_after_response,pairwise_columns,delta,,delta,,,,,,,False
ctx_der__subjective_before_after_response__delta__Cognitive_fatigue,input,context_derived,context,,,,,Cognitive_fatigue,subjective_before_after_response,pairwise_columns,delta,,delta,,,,,,,False
ctx_der__subjective_before_after_response__delta__Wellbeing,input,context_derived,context,,,,,Wellbeing,subjective_before_after_response,pairwise_columns,delta,,delta,,,,,,,False
ctx_der__subjective_before_after_response__delta__Test_heaviness,input,context_derived,context,,,,,Test_heaviness,subjective_before_after_response,pairwise_columns,delta,,delta,,,,,,,False
ctx_der__subjective_before_after_response__delta__subjective_strain,input,context_derived,context,,,,,subjective_strain,subjective_before_after_response,pairwise_columns,delta,,delta,,,,,,,False
ctx_der__physio_before_after_response__delta__Reaction_time_ms,input,context_derived,context,,,,,Reaction_time_ms,physio_before_after_response,pairwise_columns,delta,,delta,,,,,,,False
ctx_der__physio_before_after_response__percent_delta__Reaction_time_ms,input,context_derived,context,,,,,Reaction_time_ms,physio_before_after_response,pairwise_columns,percent_delta,,percent_delta,,,,,,,False
ctx_der__physio_before_after_response__delta__Pressure_sys,input,context_derived,context,,,,,Pressure_sys,physio_before_after_response,pairwise_columns,delta,,delta,,,,,,,False
ctx_der__physio_before_after_response__percent_delta__Pressure_sys,input,context_derived,context,,,,,Pressure_sys,physio_before_after_response,pairwise_columns,percent_delta,,percent_delta,,,,,,,False
ctx_der__physio_before_after_response__delta__Pressure_dia,input,context_derived,context,,,,,Pressure_dia,physio_before_after_response,pairwise_columns,delta,,delta,,,,,,,False
ctx_der__physio_before_after_response__percent_delta__Pressure_dia,input,context_derived,context,,,,,Pressure_dia,physio_before_after_response,pairwise_columns,percent_delta,,percent_delta,,,,,,,False
ctx_der__physio_before_after_response__delta__PulsePressure,input,context_derived,context,,,,,PulsePressure,physio_before_after_response,pairwise_columns,delta,,delta,,,,,,,False
ctx_der__physio_before_after_response__percent_delta__PulsePressure,input,context_derived,context,,,,,PulsePressure,physio_before_after_response,pairwise_columns,percent_delta,,percent_delta,,,,,,,False
ctx_der__physio_before_after_response__delta__MAP,input,context_derived,context,,,,,MAP,physio_before_after_response,pairwise_columns,delta,,delta,,,,,,,False
ctx_der__physio_before_after_response__percent_delta__MAP,input,context_derived,context,,,,,MAP,physio_before_after_response,pairwise_columns,percent_delta,,percent_delta,,,,,,,False
ctx_der__physio_before_after_response__delta__RHR,input,context_derived,context,,,,,RHR,physio_before_after_response,pairwise_columns,delta,,delta,,,,,,,False
ctx_der__physio_before_after_response__percent_delta__RHR,input,context_derived,context,,,,,RHR,physio_before_after_response,pairwise_columns,percent_delta,,percent_delta,,,,,,,False
ctx_der__baseline_dev_context_before__delta__Sleep_hours,input,context_derived,context,,,,,Sleep_hours,baseline_dev_context_before,baseline_deviation,delta,,delta,,,,,,,False
ctx_der__baseline_dev_context_before__robust_z__Sleep_hours,input,context_derived,context,,,,,Sleep_hours,baseline_dev_context_before,baseline_deviation,robust_z,,robust_z,,,,,,,False
ctx_der__baseline_dev_context_before__delta__Day_Sleep_hours,input,context_derived,context,,,,,Day_Sleep_hours,baseline_dev_context_before,baseline_deviation,delta,,delta,,,,,,,False
ctx_der__baseline_dev_context_before__robust_z__Day_Sleep_hours,input,context_derived,context,,,,,Day_Sleep_hours,baseline_dev_context_before,baseline_deviation,robust_z,,robust_z,,,,,,,False
ctx_der__baseline_dev_context_before__delta__Sleep_qality,input,context_derived,context,,,,,Sleep_qality,baseline_dev_context_before,baseline_deviation,delta,,delta,,,,,,,False
ctx_der__baseline_dev_context_before__robust_z__Sleep_qality,input,context_derived,context,,,,,Sleep_qality,baseline_dev_context_before,baseline_deviation,robust_z,,robust_z,,,,,,,False
ctx_der__baseline_dev_context_before__delta__Morning_RHR,input,context_derived,context,,,,,Morning_RHR,baseline_dev_context_before,baseline_deviation,delta,,delta,,,,,,,False
ctx_der__baseline_dev_context_before__robust_z__Morning_RHR,input,context_derived,context,,,,,Morning_RHR,baseline_dev_context_before,baseline_deviation,robust_z,,robust_z,,,,,,,False
ctx_der__baseline_dev_context_before__delta__Stress,input,context_derived,context,,,,,Stress,baseline_dev_context_before,baseline_deviation,delta,,delta,,,,,,,False
ctx_der__baseline_dev_context_before__robust_z__Stress,input,context_derived,context,,,,,Stress,baseline_dev_context_before,baseline_deviation,robust_z,,robust_z,,,,,,,False
ctx_der__baseline_dev_context_before__delta__Cognitive_load,input,context_derived,context,,,,,Cognitive_load,baseline_dev_context_before,baseline_deviation,delta,,delta,,,,,,,False
ctx_der__baseline_dev_context_before__robust_z__Cognitive_load,input,context_derived,context,,,,,Cognitive_load,baseline_dev_context_before,baseline_deviation,robust_z,,robust_z,,,,,,,False
ctx_der__baseline_dev_context_before__delta__DOMS,input,context_derived,context,,,,,DOMS,baseline_dev_context_before,baseline_deviation,delta,,delta,,,,,,,False
ctx_der__baseline_dev_context_before__robust_z__DOMS,input,context_derived,context,,,,,DOMS,baseline_dev_context_before,baseline_deviation,robust_z,,robust_z,,,,,,,False
ctx_der__baseline_dev_context_before__delta__Fatigue_before,input,context_derived,context,,,,,Fatigue_before,baseline_dev_context_before,baseline_deviation,delta,,delta,,,,,,,False
ctx_der__baseline_dev_context_before__robust_z__Fatigue_before,input,context_derived,context,,,,,Fatigue_before,baseline_dev_context_before,baseline_deviation,robust_z,,robust_z,,,,,,,False
ctx_der__baseline_dev_context_before__delta__Muscle_fatigue_before,input,context_derived,context,,,,,Muscle_fatigue_before,baseline_dev_context_before,baseline_deviation,delta,,delta,,,,,,,False
ctx_der__baseline_dev_context_before__robust_z__Muscle_fatigue_before,input,context_derived,context,,,,,Muscle_fatigue_before,baseline_dev_context_before,baseline_deviation,robust_z,,robust_z,,,,,,,False
ctx_der__baseline_dev_context_before__delta__Cognitive_fatigue_before,input,context_derived,context,,,,,Cognitive_fatigue_before,baseline_dev_context_before,baseline_deviation,delta,,delta,,,,,,,False
ctx_der__baseline_dev_context_before__robust_z__Cognitive_fatigue_before,input,context_derived,context,,,,,Cognitive_fatigue_before,baseline_dev_context_before,baseline_deviation,robust_z,,robust_z,,,,,,,False
ctx_der__baseline_dev_context_before__delta__Wellbeing_before,input,context_derived,context,,,,,Wellbeing_before,baseline_dev_context_before,baseline_deviation,delta,,delta,,,,,,,False
ctx_der__baseline_dev_context_before__robust_z__Wellbeing_before,input,context_derived,context,,,,,Wellbeing_before,baseline_dev_context_before,baseline_deviation,robust_z,,robust_z,,,,,,,False
ctx_der__baseline_dev_context_before__delta__Motivation_before,input,context_derived,context,,,,,Motivation_before,baseline_dev_context_before,baseline_deviation,delta,,delta,,,,,,,False
ctx_der__baseline_dev_context_before__robust_z__Motivation_before,input,context_derived,context,,,,,Motivation_before,baseline_dev_context_before,baseline_deviation,robust_z,,robust_z,,,,,,,False
ctx_der__baseline_dev_context_before__delta__Desire_to_train,input,context_derived,context,,,,,Desire_to_train,baseline_dev_context_before,baseline_deviation,delta,,delta,,,,,,,False
ctx_der__baseline_dev_context_before__robust_z__Desire_to_train,input,context_derived,context,,,,,Desire_to_train,baseline_dev_context_before,baseline_deviation,robust_z,,robust_z,,,,,,,False
ctx_der__baseline_dev_context_before__delta__subjective_strain_before,input,context_derived,context,,,,,subjective_strain_before,baseline_dev_context_before,baseline_deviation,delta,,delta,,,,,,,False
ctx_der__baseline_dev_context_before__robust_z__subjective_strain_before,input,context_derived,context,,,,,subjective_strain_before,baseline_dev_context_before,baseline_deviation,robust_z,,robust_z,,,,,,,False
ctx_der__baseline_dev_context_before__delta__readiness_before,input,context_derived,context,,,,,readiness_before,baseline_dev_context_before,baseline_deviation,delta,,delta,,,,,,,False
ctx_der__baseline_dev_context_before__robust_z__readiness_before,input,context_derived,context,,,,,readiness_before,baseline_dev_context_before,baseline_deviation,robust_z,,robust_z,,,,,,,False
ctx_der__baseline_dev_context_before__delta__Pressure_sys_before,input,context_derived,context,,,,,Pressure_sys_before,baseline_dev_context_before,baseline_deviation,delta,,delta,,,,,,,False
ctx_der__baseline_dev_context_before__robust_z__Pressure_sys_before,input,context_derived,context,,,,,Pressure_sys_before,baseline_dev_context_before,baseline_deviation,robust_z,,robust_z,,,,,,,False
ctx_der__baseline_dev_context_before__delta__Pressure_dia_before,input,context_derived,context,,,,,Pressure_dia_before,baseline_dev_context_before,baseline_deviation,delta,,delta,,,,,,,False
ctx_der__baseline_dev_context_before__robust_z__Pressure_dia_before,input,context_derived,context,,,,,Pressure_dia_before,baseline_dev_context_before,baseline_deviation,robust_z,,robust_z,,,,,,,False
ctx_der__baseline_dev_context_before__delta__PulsePressure_before,input,context_derived,context,,,,,PulsePressure_before,baseline_dev_context_before,baseline_deviation,delta,,delta,,,,,,,False
ctx_der__baseline_dev_context_before__robust_z__PulsePressure_before,input,context_derived,context,,,,,PulsePressure_before,baseline_dev_context_before,baseline_deviation,robust_z,,robust_z,,,,,,,False
ctx_der__baseline_dev_context_before__delta__MAP_before,input,context_derived,context,,,,,MAP_before,baseline_dev_context_before,baseline_deviation,delta,,delta,,,,,,,False
ctx_der__baseline_dev_context_before__robust_z__MAP_before,input,context_derived,context,,,,,MAP_before,baseline_dev_context_before,baseline_deviation,robust_z,,robust_z,,,,,,,False
ctx_der__baseline_dev_context_before__delta__RHR_before,input,context_derived,context,,,,,RHR_before,baseline_dev_context_before,baseline_deviation,delta,,delta,,,,,,,False
ctx_der__baseline_dev_context_before__robust_z__RHR_before,input,context_derived,context,,,,,RHR_before,baseline_dev_context_before,baseline_deviation,robust_z,,robust_z,,,,,,,False
ctx_der__baseline_dev_context_before__delta__Reaction_time_before_ms,input,context_derived,context,,,,,Reaction_time_before_ms,baseline_dev_context_before,baseline_deviation,delta,,delta,,,,,,,False
ctx_der__baseline_dev_context_before__robust_z__Reaction_time_before_ms,input,context_derived,context,,,,,Reaction_time_before_ms,baseline_dev_context_before,baseline_deviation,robust_z,,robust_z,,,,,,,False
ctx_der__baseline_dev_context_flags__delta__Difficulty_falling_asleep,input,context_derived,context,,,,,Difficulty_falling_asleep,baseline_dev_context_flags,baseline_deviation,delta,,delta,,,,,,,False
ctx_der__baseline_dev_context_flags__delta__Fragmented_sleep,input,context_derived,context,,,,,Fragmented_sleep,baseline_dev_context_flags,baseline_deviation,delta,,delta,,,,,,,False
ctx_der__baseline_dev_context_flags__delta__Undersleeped,input,context_derived,context,,,,,Undersleeped,baseline_dev_context_flags,baseline_deviation,delta,,delta,,,,,,,False
ctx_der__baseline_dev_context_flags__delta__Oversleeped,input,context_derived,context,,,,,Oversleeped,baseline_dev_context_flags,baseline_deviation,delta,,delta,,,,,,,False
ctx_der__baseline_dev_context_flags__delta__Wakeup_class,input,context_derived,context,,,,,Wakeup_class,baseline_dev_context_flags,baseline_deviation,delta,,delta,,,,,,,False
ctx_der__day_to_day_context_change__delta__Sleep_hours,input,context_derived,context,,,,,Sleep_hours,day_to_day_context_change,lagged_pairwise,delta,,delta,,,,,,,False
ctx_der__day_to_day_context_change__delta__Day_Sleep_hours,input,context_derived,context,,,,,Day_Sleep_hours,day_to_day_context_change,lagged_pairwise,delta,,delta,,,,,,,False
ctx_der__day_to_day_context_change__delta__Sleep_qality,input,context_derived,context,,,,,Sleep_qality,day_to_day_context_change,lagged_pairwise,delta,,delta,,,,,,,False
ctx_der__day_to_day_context_change__delta__Morning_RHR,input,context_derived,context,,,,,Morning_RHR,day_to_day_context_change,lagged_pairwise,delta,,delta,,,,,,,False
ctx_der__day_to_day_context_change__delta__Stress,input,context_derived,context,,,,,Stress,day_to_day_context_change,lagged_pairwise,delta,,delta,,,,,,,False
ctx_der__day_to_day_context_change__delta__Cognitive_load,input,context_derived,context,,,,,Cognitive_load,day_to_day_context_change,lagged_pairwise,delta,,delta,,,,,,,False
ctx_der__day_to_day_context_change__delta__DOMS,input,context_derived,context,,,,,DOMS,day_to_day_context_change,lagged_pairwise,delta,,delta,,,,,,,False
ctx_der__day_to_day_context_change__delta__Fatigue_before,input,context_derived,context,,,,,Fatigue_before,day_to_day_context_change,lagged_pairwise,delta,,delta,,,,,,,False
ctx_der__day_to_day_context_change__delta__Muscle_fatigue_before,input,context_derived,context,,,,,Muscle_fatigue_before,day_to_day_context_change,lagged_pairwise,delta,,delta,,,,,,,False
ctx_der__day_to_day_context_change__delta__Cognitive_fatigue_before,input,context_derived,context,,,,,Cognitive_fatigue_before,day_to_day_context_change,lagged_pairwise,delta,,delta,,,,,,,False
ctx_der__day_to_day_context_change__delta__Wellbeing_before,input,context_derived,context,,,,,Wellbeing_before,day_to_day_context_change,lagged_pairwise,delta,,delta,,,,,,,False
ctx_der__day_to_day_context_change__delta__Motivation_before,input,context_derived,context,,,,,Motivation_before,day_to_day_context_change,lagged_pairwise,delta,,delta,,,,,,,False
ctx_der__day_to_day_context_change__delta__Desire_to_train,input,context_derived,context,,,,,Desire_to_train,day_to_day_context_change,lagged_pairwise,delta,,delta,,,,,,,False
ctx_der__day_to_day_context_change__delta__subjective_strain_before,input,context_derived,context,,,,,subjective_strain_before,day_to_day_context_change,lagged_pairwise,delta,,delta,,,,,,,False
ctx_der__day_to_day_context_change__delta__readiness_before,input,context_derived,context,,,,,readiness_before,day_to_day_context_change,lagged_pairwise,delta,,delta,,,,,,,False
ctx_der__day_to_day_context_change__delta__Pressure_sys_before,input,context_derived,context,,,,,Pressure_sys_before,day_to_day_context_change,lagged_pairwise,delta,,delta,,,,,,,False
ctx_der__day_to_day_context_change__delta__Pressure_dia_before,input,context_derived,context,,,,,Pressure_dia_before,day_to_day_context_change,lagged_pairwise,delta,,delta,,,,,,,False
ctx_der__day_to_day_context_change__delta__PulsePressure_before,input,context_derived,context,,,,,PulsePressure_before,day_to_day_context_change,lagged_pairwise,delta,,delta,,,,,,,False
ctx_der__day_to_day_context_change__delta__MAP_before,input,context_derived,context,,,,,MAP_before,day_to_day_context_change,lagged_pairwise,delta,,delta,,,,,,,False
ctx_der__day_to_day_context_change__delta__RHR_before,input,context_derived,context,,,,,RHR_before,day_to_day_context_change,lagged_pairwise,delta,,delta,,,,,,,False
ctx_der__day_to_day_context_change__delta__Reaction_time_before_ms,input,context_derived,context,,,,,Reaction_time_before_ms,day_to_day_context_change,lagged_pairwise,delta,,delta,,,,,,,False
ctx_der__training_load_previous_7d__rolling_7d_sum__train_minutes,input,context_derived,context,,,,,train_minutes,training_load_previous_7d,rolling_aggregate,rolling_7d_sum,,rolling_7d_sum,,,,,,,False
ctx_der__training_load_previous_7d__rolling_7d_mean__train_minutes,input,context_derived,context,,,,,train_minutes,training_load_previous_7d,rolling_aggregate,rolling_7d_mean,,rolling_7d_mean,,,,,,,False
ctx_der__training_load_previous_7d__rolling_7d_sum__RPE,input,context_derived,context,,,,,RPE,training_load_previous_7d,rolling_aggregate,rolling_7d_sum,,rolling_7d_sum,,,,,,,False
ctx_der__training_load_previous_7d__rolling_7d_mean__RPE,input,context_derived,context,,,,,RPE,training_load_previous_7d,rolling_aggregate,rolling_7d_mean,,rolling_7d_mean,,,,,,,False
ctx_der__training_load_previous_7d__rolling_7d_sum__HR_avg,input,context_derived,context,,,,,HR_avg,training_load_previous_7d,rolling_aggregate,rolling_7d_sum,,rolling_7d_sum,,,,,,,False
ctx_der__training_load_previous_7d__rolling_7d_mean__HR_avg,input,context_derived,context,,,,,HR_avg,training_load_previous_7d,rolling_aggregate,rolling_7d_mean,,rolling_7d_mean,,,,,,,False
ctx_der__training_load_previous_7d__rolling_7d_sum__sRPE_load,input,context_derived,context,,,,,sRPE_load,training_load_previous_7d,rolling_aggregate,rolling_7d_sum,,rolling_7d_sum,,,,,,,False
ctx_der__training_load_previous_7d__rolling_7d_mean__sRPE_load,input,context_derived,context,,,,,sRPE_load,training_load_previous_7d,rolling_aggregate,rolling_7d_mean,,rolling_7d_mean,,,,,,,False
ctx_der__training_load_previous_7d__rolling_7d_sum__zone_weighted_load,input,context_derived,context,,,,,zone_weighted_load,training_load_previous_7d,rolling_aggregate,rolling_7d_sum,,rolling_7d_sum,,,,,,,False
ctx_der__training_load_previous_7d__rolling_7d_mean__zone_weighted_load,input,context_derived,context,,,,,zone_weighted_load,training_load_previous_7d,rolling_aggregate,rolling_7d_mean,,rolling_7d_mean,,,,,,,False
ctx_der__training_load_previous_7d__rolling_7d_sum__zone_avg_intensity,input,context_derived,context,,,,,zone_avg_intensity,training_load_previous_7d,rolling_aggregate,rolling_7d_sum,,rolling_7d_sum,,,,,,,False
ctx_der__training_load_previous_7d__rolling_7d_mean__zone_avg_intensity,input,context_derived,context,,,,,zone_avg_intensity,training_load_previous_7d,rolling_aggregate,rolling_7d_mean,,rolling_7d_mean,,,,,,,False
ctx_der__training_load_previous_7d__rolling_7d_sum__moderate_plus_minutes,input,context_derived,context,,,,,moderate_plus_minutes,training_load_previous_7d,rolling_aggregate,rolling_7d_sum,,rolling_7d_sum,,,,,,,False
ctx_der__training_load_previous_7d__rolling_7d_mean__moderate_plus_minutes,input,context_derived,context,,,,,moderate_plus_minutes,training_load_previous_7d,rolling_aggregate,rolling_7d_mean,,rolling_7d_mean,,,,,,,False
ctx_der__training_load_previous_7d__rolling_7d_sum__high_intensity_minutes,input,context_derived,context,,,,,high_intensity_minutes,training_load_previous_7d,rolling_aggregate,rolling_7d_sum,,rolling_7d_sum,,,,,,,False
ctx_der__training_load_previous_7d__rolling_7d_mean__high_intensity_minutes,input,context_derived,context,,,,,high_intensity_minutes,training_load_previous_7d,rolling_aggregate,rolling_7d_mean,,rolling_7d_mean,,,,,,,False
ctx_der__training_load_previous_7d__rolling_7d_sum__high_intensity_ratio,input,context_derived,context,,,,,high_intensity_ratio,training_load_previous_7d,rolling_aggregate,rolling_7d_sum,,rolling_7d_sum,,,,,,,False
ctx_der__training_load_previous_7d__rolling_7d_mean__high_intensity_ratio,input,context_derived,context,,,,,high_intensity_ratio,training_load_previous_7d,rolling_aggregate,rolling_7d_mean,,rolling_7d_mean,,,,,,,False
target__subjective_strain_delta,target,context_derived,target,,,,,subjective_strain,subjective_before_after_response,,delta,,,subjective_strain_delta,Acute subjective strain response,higher_worse,acute,numeric,ordinal,True
target__fatigue_delta,target,context_derived,target,,,,,Fatigue,subjective_before_after_response,,delta,,,fatigue_delta,Acute subjective fatigue response,higher_worse,acute,numeric,ordinal,True
target__reaction_time_delta,target,context_derived,target,,,,,Reaction_time_ms,physio_before_after_response,,delta,,,reaction_time_delta,Acute reaction time response,higher_worse,acute,numeric,continuous,True
target__readiness_before,target,context_computed,target,,,,,readiness_before,,,,,,readiness_before,Pre-training readiness,higher_better,pre_training,numeric,ordinal,True
covar__training_load_previous_7d,covariate,context_derived,covariate,,,,,sRPE_load,training_load_previous_7d,,rolling_7d_sum,,,training_load_previous_7d,Previous 7-day accumulated sRPE load,higher_load,previous_7d,numeric,continuous,False
covar__sleep_hours,covariate,context_computed,covariate,,,,,Sleep_hours,,,,,,sleep_hours,Sleep duration,higher_better,same_day,numeric,continuous,False
covar__sRPE_load,covariate,context_computed,covariate,,,,,sRPE_load,,,,,,sRPE_load,Current day sRPE training load,higher_load,same_day,numeric,continuous,False
